N,lambda,rho,truth,tau,core_model,true_rmse,true_mae,pE,pQ,pV,n
200,0.7,0,M0,0.6,M0,1.025187822747241,0.8177818144237831,0.16203703703703703,0.14722222222222223,0.13796296296296295,108
200,0.7,0,M0,0.6,M1,1.026639590855202,0.8189331877557141,0.7521739130434782,0.1391304347826087,0.20869565217391306,23
200,0.7,0,M0,0.6,M2,1.0273549235744206,0.8188405543564186,0.1956521739130435,0.8347826086956521,0.14347826086956522,23
200,0.7,0,M0,0.6,M3,1.0256095631106696,0.818264583662959,0.18888888888888888,0.10740740740740741,0.7851851851851852,27
200,0.7,0,M0,0.6,M4,1.0338965003849874,0.8235050924309111,0.7166666666666667,0.7833333333333333,0.15,6
200,0.7,0,M0,0.6,M5,1.043212247231526,0.8327192601601782,0.775,0.125,0.775,4
200,0.7,0,M0,0.6,M6,1.0348902986810484,0.8249068648971382,0.06666666666666667,0.7666666666666666,0.7833333333333333,6
200,0.7,0,M0,0.6,M7,1.0477686186780168,0.834891593282261,0.9333333333333333,0.7333333333333333,0.9333333333333333,3
200,0.7,0,M0,0.7,M0,1.0252777315920756,0.8178339582697437,0.1921259842519685,0.16614173228346457,0.16771653543307086,127
200,0.7,0,M0,0.7,M1,1.0263064215598345,0.8189925195630947,0.8294117647058824,0.11176470588235295,0.2647058823529412,17
200,0.7,0,M0,0.7,M2,1.026460492500741,0.8178496639220837,0.2090909090909091,0.8681818181818182,0.16363636363636364,22
200,0.7,0,M0,0.7,M3,1.0260352324308863,0.8184915347368052,0.2142857142857143,0.1,0.8380952380952381,21
200,0.7,0,M0,0.7,M4,1.039059224153149,0.8280564058191823,0.775,0.8,0.125,4
200,0.7,0,M0,0.7,M5,1.0396115803487131,0.8261362110837752,0.825,0.4,0.975,4
200,0.7,0,M0,0.7,M6,1.036759113318397,0.8274873738493886,0,0.8,0.875,4
200,0.7,0,M0,0.7,M7,1.0750587469946928,0.8625334616964203,1,1,0.8,1
200,0.7,0,M0,0.8,M0,1.0248921927210033,0.8176049939358073,0.21007194244604316,0.17985611510791366,0.18273381294964028,139
200,0.7,0,M0,0.8,M1,1.0277123998041156,0.819795423080225,0.8692307692307693,0.13076923076923078,0.25384615384615383,13
200,0.7,0,M0,0.8,M2,1.026321207903003,0.8171306295621147,0.25263157894736843,0.9,0.1473684210526316,19
200,0.7,0,M0,0.8,M3,1.027591013632401,0.8198107226411085,0.20952380952380953,0.15714285714285714,0.8666666666666667,21
200,0.7,0,M0,0.8,M4,1.0532535003114463,0.8403580545114285,0.8500000000000001,0.8500000000000001,0.25,2
200,0.7,0,M0,0.8,M5,1.03892438585161,0.8248796306468074,0.8666666666666667,0.5333333333333333,0.9666666666666667,3
200,0.7,0,M0,0.8,M6,1.0381433035958771,0.8302257487690968,0,0.9,0.9,2
200,0.7,0,M0,0.8,M7,1.0750587469946928,0.8625334616964203,1,1,0.8,1
200,0.7,0,M6,0.6,M0,1.0510673658606686,0.8381477654910955,0.16666666666666666,0.24666666666666667,0.29333333333333333,15
200,0.7,0,M6,0.6,M1,1.0492174245765895,0.8392376233687332,0.925,0.375,0.225,4
200,0.7,0,M6,0.6,M2,1.0385943321937365,0.8284001885677637,0.14444444444444446,0.9088888888888889,0.2511111111111111,45
200,0.7,0,M6,0.6,M3,1.0396101445893913,0.8288574305465471,0.13333333333333333,0.23055555555555557,0.9,36
200,0.7,0,M6,0.6,M4,1.0375187469654257,0.8287194042729166,0.7642857142857142,0.8357142857142857,0.2,14
200,0.7,0,M6,0.6,M5,1.0380654094481905,0.8279360487712526,0.7846153846153846,0.2230769230769231,0.8461538461538461,13
200,0.7,0,M6,0.6,M6,1.031324159630626,0.8230753805873396,0.15245901639344261,0.8475409836065574,0.860655737704918,61
200,0.7,0,M6,0.6,M7,1.0394195195679135,0.830251414175324,0.725,0.8,0.825,12
200,0.7,0,M6,0.7,M0,1.051076175257241,0.8378252232724439,0.18076923076923077,0.33076923076923076,0.36153846153846153,26
200,0.7,0,M6,0.7,M1,1.0461204665367143,0.8361133892010665,0.9,0.3,0.375,8
200,0.7,0,M6,0.7,M2,1.0397701066478144,0.8292639213751996,0.1784313725490196,0.9274509803921569,0.28627450980392155,51
200,0.7,0,M6,0.7,M3,1.0381703264548108,0.827988900513702,0.18571428571428572,0.30714285714285716,0.9357142857142857,42
200,0.7,0,M6,0.7,M4,1.0420102509183449,0.833091300239483,0.8090909090909091,0.8545454545454546,0.2909090909090909,11
200,0.7,0,M6,0.7,M5,1.0434594371698018,0.8318435072562006,0.8444444444444444,0.3,0.9111111111111111,9
200,0.7,0,M6,0.7,M6,1.0313835049619688,0.8231989090337279,0.174,0.894,0.9,50
200,0.7,0,M6,0.7,M7,1.0326463615832289,0.825174838153654,0.8,0.7666666666666666,0.8333333333333334,3
200,0.7,0,M6,0.8,M0,1.0510506395218624,0.8380534712356433,0.21176470588235294,0.3588235294117647,0.40294117647058825,34
200,0.7,0,M6,0.8,M1,1.0470869410984731,0.837086979793428,0.92,0.43,0.42,10
200,0.7,0,M6,0.8,M2,1.0402842093260483,0.8297989435120946,0.21818181818181817,0.9400000000000001,0.3090909090909091,55
200,0.7,0,M6,0.8,M3,1.0386615386971743,0.8286543913536978,0.212,0.376,0.9480000000000001,50
200,0.7,0,M6,0.8,M4,1.0423257571737587,0.8330597533717867,0.8833333333333333,0.9,0.26666666666666666,6
200,0.7,0,M6,0.8,M5,1.0445719235578328,0.8335990326057686,0.8571428571428572,0.35714285714285715,0.9142857142857143,7
200,0.7,0,M6,0.8,M6,1.0301807688132212,0.821888856914317,0.16052631578947368,0.9315789473684211,0.9184210526315789,38
200,0.7,0,M7,0.6,M0,1.0640929497770077,0.8467975423566534,0.23333333333333334,0.26666666666666666,0.26666666666666666,6
200,0.7,0,M7,0.6,M1,1.049620789244283,0.838215286454198,0.9090909090909091,0.19090909090909092,0.3,11
200,0.7,0,M7,0.6,M2,1.051778382838784,0.8386649232076973,0.25,0.92,0.235,20
200,0.7,0,M7,0.6,M3,1.0492773089836096,0.8380128338192196,0.24375,0.3125,0.91875,16
200,0.7,0,M7,0.6,M4,1.0452733094702116,0.833955832414621,0.9108108108108108,0.8567567567567568,0.24864864864864866,37
200,0.7,0,M7,0.6,M5,1.0408606577201225,0.830443024422454,0.8636363636363636,0.2636363636363636,0.896969696969697,33
200,0.7,0,M7,0.6,M6,1.0381630493808212,0.8280322409256079,0.18888888888888888,0.8755555555555555,0.9088888888888889,45
200,0.7,0,M7,0.6,M7,1.0402948621254045,0.8300278440342288,0.828125,0.828125,0.83125,32
200,0.7,0,M7,0.7,M0,1.067618415727962,0.8499703550144747,0.26666666666666666,0.35555555555555557,0.3111111111111111,9
200,0.7,0,M7,0.7,M1,1.0499123297206763,0.8377001546713609,0.9,0.3526315789473684,0.3,19
200,0.7,0,M7,0.7,M2,1.0508084847653065,0.8381650676586947,0.29615384615384616,0.9538461538461539,0.28846153846153844,26
200,0.7,0,M7,0.7,M3,1.0477699353462266,0.8368982458391265,0.30833333333333335,0.37916666666666665,0.9208333333333334,24
200,0.7,0,M7,0.7,M4,1.04699117137191,0.8355248022621691,0.9483870967741935,0.9,0.3032258064516129,31
200,0.7,0,M7,0.7,M5,1.0426927586255903,0.8317935847323374,0.8909090909090909,0.296969696969697,0.9151515151515152,33
200,0.7,0,M7,0.7,M6,1.0398781569749356,0.8294271201674849,0.23095238095238096,0.9047619047619048,0.930952380952381,42
200,0.7,0,M7,0.7,M7,1.0381773903196532,0.8285690881750875,0.9,0.86875,0.8625,16
200,0.7,0,M7,0.8,M0,1.067002572890529,0.8505533619127402,0.39999999999999997,0.36,0.42,15
200,0.7,0,M7,0.8,M1,1.0522634452312245,0.8399175135737591,0.9347826086956522,0.41304347826086957,0.3217391304347826,23
200,0.7,0,M7,0.8,M2,1.051165663004426,0.8384642691339873,0.3103448275862069,0.9551724137931035,0.32413793103448274,29
200,0.7,0,M7,0.8,M3,1.0484829932193585,0.8370563122721475,0.3861111111111111,0.4222222222222222,0.9472222222222222,36
200,0.7,0,M7,0.8,M4,1.0467623430684077,0.8349608152580889,0.9535714285714286,0.9285714285714286,0.33214285714285713,28
200,0.7,0,M7,0.8,M5,1.0420872850370946,0.831921260826201,0.95,0.35384615384615387,0.9230769230769231,26
200,0.7,0,M7,0.8,M6,1.0408602751849596,0.8299538513585907,0.23142857142857143,0.9428571428571428,0.9400000000000001,35
200,0.7,0,M7,0.8,M7,1.040689021632248,0.8300715742460084,0.95,0.925,0.9,8
200,0.7,0.4,M0,0.6,M0,1.025662721350507,0.8182388346128474,0.165625,0.10729166666666667,0.15104166666666666,96
200,0.7,0.4,M0,0.6,M1,1.029687917588905,0.8217796457827602,0.7444444444444445,0.12777777777777777,0.10555555555555556,18
200,0.7,0.4,M0,0.6,M2,1.0294912345405924,0.8210332681664266,0.17083333333333334,0.7958333333333334,0.1375,24
200,0.7,0.4,M0,0.6,M3,1.0294514586272945,0.8216280812908234,0.16,0.16444444444444445,0.7533333333333333,45
200,0.7,0.4,M0,0.6,M4,1.0341543479393835,0.8253194770076083,0.7,0.6,0.06666666666666667,3
200,0.7,0.4,M0,0.6,M5,1.0209782385835804,0.8163774303869593,0.7666666666666666,0.26666666666666666,0.7666666666666666,3
200,0.7,0.4,M0,0.6,M6,1.0406767794656522,0.8294609212974295,0.16666666666666666,0.8555555555555556,0.8,9
200,0.7,0.4,M0,0.6,M7,1.0376330712817645,0.8272609042836239,0.9,0.75,0.9,2
200,0.7,0.4,M0,0.7,M0,1.02563218426545,0.8183830992540266,0.1870689655172414,0.12844827586206897,0.19224137931034482,116
200,0.7,0.4,M0,0.7,M1,1.031527204346933,0.8226447789486385,0.8,0.23125,0.1375,16
200,0.7,0.4,M0,0.7,M2,1.0300609771137232,0.8215801205084238,0.19090909090909092,0.8272727272727273,0.14545454545454545,22
200,0.7,0.4,M0,0.7,M3,1.0299371661997185,0.8217593781210641,0.15428571428571428,0.16571428571428573,0.7971428571428572,35
200,0.7,0.4,M0,0.7,M5,1.0238108118039477,0.8178818210900013,0.7666666666666666,0.39999999999999997,0.9,3
200,0.7,0.4,M0,0.7,M6,1.042221666876642,0.8308247050165165,0.14285714285714285,0.8857142857142858,0.8571428571428572,7
200,0.7,0.4,M0,0.7,M7,1.0413695475676934,0.8285066986440557,0.9,0.9,0.8,1
200,0.7,0.4,M0,0.8,M0,1.0262392092658266,0.8187329295615683,0.2136986301369863,0.16164383561643836,0.24383561643835616,146
200,0.7,0.4,M0,0.8,M1,1.035624145129426,0.8269081425794395,0.8777777777777778,0.2777777777777778,0.15555555555555556,9
200,0.7,0.4,M0,0.8,M2,1.0285163422805896,0.8201335257599053,0.2,0.8705882352941177,0.19411764705882353,17
200,0.7,0.4,M0,0.8,M3,1.0263059120901519,0.8195499772236718,0.155,0.155,0.885,20
200,0.7,0.4,M0,0.8,M5,1.0321416879799736,0.8242258560749636,0.9,0.6,1,1
200,0.7,0.4,M0,0.8,M6,1.044876392855735,0.8333163458080839,0.15,0.9,0.8833333333333333,6
200,0.7,0.4,M0,0.8,M7,1.0413695475676934,0.8285066986440557,0.9,0.9,0.8,1
200,0.7,0.4,M6,0.6,M0,1.0530947396256383,0.8403219872086831,0.17142857142857143,0.30714285714285716,0.3,14
200,0.7,0.4,M6,0.6,M1,1.0483352998396305,0.8351992034571986,0.7142857142857143,0.2857142857142857,0.38571428571428573,7
200,0.7,0.4,M6,0.6,M2,1.0374673963857965,0.8270633494141177,0.09772727272727273,0.8931818181818182,0.22272727272727275,44
200,0.7,0.4,M6,0.6,M3,1.0384898676768217,0.8290278000689076,0.18043478260869567,0.2,0.9152173913043479,46
200,0.7,0.4,M6,0.6,M4,1.0339545336331601,0.8251593370591864,0.7875,0.8375,0.23750000000000002,8
200,0.7,0.4,M6,0.6,M5,1.0463777815915138,0.8335048960731122,0.86,0.09,0.96,10
200,0.7,0.4,M6,0.6,M6,1.031759290892338,0.822844439871076,0.18666666666666668,0.8866666666666667,0.8483333333333334,60
200,0.7,0.4,M6,0.6,M7,1.0372312303224829,0.8277387690855291,0.8090909090909091,0.8545454545454545,0.8090909090909091,11
200,0.7,0.4,M6,0.7,M0,1.0557974613332135,0.8426483633145841,0.19130434782608696,0.3521739130434783,0.3391304347826087,23
200,0.7,0.4,M6,0.7,M1,1.0507078013655176,0.8373413961359302,0.8375,0.3625,0.3875,8
200,0.7,0.4,M6,0.7,M2,1.0378816989736745,0.8274721153558727,0.1288888888888889,0.9333333333333333,0.25333333333333335,45
200,0.7,0.4,M6,0.7,M3,1.0388614773442897,0.8290565217309512,0.19230769230769232,0.24807692307692308,0.9211538461538462,52
200,0.7,0.4,M6,0.7,M4,1.0371046293959894,0.8278479078672815,0.8,0.875,0.3625,8
200,0.7,0.4,M6,0.7,M5,1.0463248234574722,0.8333189586450389,0.9,0.1125,1,8
200,0.7,0.4,M6,0.7,M6,1.031028404052685,0.8222009397695627,0.2,0.9137254901960784,0.8686274509803922,51
200,0.7,0.4,M6,0.7,M7,1.0386136520715632,0.8296330106965922,0.86,0.92,0.9400000000000001,5
200,0.7,0.4,M6,0.8,M0,1.0547532832469524,0.8414046011227513,0.20833333333333334,0.40555555555555556,0.41388888888888886,36
200,0.7,0.4,M6,0.8,M1,1.0528993983239445,0.8404793852024296,0.8857142857142858,0.4857142857142857,0.42857142857142855,7
200,0.7,0.4,M6,0.8,M2,1.0387951974333887,0.8279648403008654,0.172,0.9480000000000001,0.308,50
200,0.7,0.4,M6,0.8,M3,1.039035517135948,0.8290414175950355,0.2153846153846154,0.26153846153846155,0.9461538461538461,52
200,0.7,0.4,M6,0.8,M4,1.0367769738697852,0.8291076719318823,0.8500000000000001,0.9,0.25,4
200,0.7,0.4,M6,0.8,M5,1.0446736008261457,0.8323310936336157,0.9285714285714286,0.12857142857142856,1,7
200,0.7,0.4,M6,0.8,M6,1.030655878684382,0.8222009304806239,0.2,0.9425,0.895,40
200,0.7,0.4,M6,0.8,M7,1.0348806164773483,0.8251859768212368,0.9,0.95,0.95,4
200,0.7,0.4,M7,0.6,M0,1.0625608501887942,0.846230859928415,0.43333333333333335,0.4666666666666667,0.16666666666666666,3
200,0.7,0.4,M7,0.6,M1,1.0605896114680609,0.8459967147879118,0.875,0.26666666666666666,0.26666666666666666,12
200,0.7,0.4,M7,0.6,M2,1.0452946712899815,0.8335333434825241,0.2057142857142857,0.9171428571428571,0.22,35
200,0.7,0.4,M7,0.6,M3,1.0506271329715275,0.8384947311846238,0.23793103448275862,0.2206896551724138,0.9137931034482759,29
200,0.7,0.4,M7,0.6,M4,1.0467551788426352,0.8343274933435817,0.85,0.8875,0.228125,32
200,0.7,0.4,M7,0.6,M5,1.0440448985500412,0.8330195834254864,0.8448275862068966,0.16551724137931034,0.9448275862068966,29
200,0.7,0.4,M7,0.6,M6,1.0381763880623052,0.8295658478001436,0.16774193548387098,0.9096774193548387,0.8483870967741935,31
200,0.7,0.4,M7,0.6,M7,1.0375987061712886,0.8271160449309102,0.8310344827586207,0.8896551724137931,0.8379310344827586,29
200,0.7,0.4,M7,0.7,M0,1.0645232883736593,0.8486946306690247,0.4111111111111111,0.4444444444444444,0.3,9
200,0.7,0.4,M7,0.7,M1,1.0605741709784287,0.8456937014405341,0.90625,0.35625,0.28125,16
200,0.7,0.4,M7,0.7,M2,1.0477010251239294,0.8350764909987642,0.25952380952380955,0.9380952380952381,0.25,42
200,0.7,0.4,M7,0.7,M3,1.0509103979613945,0.8385725621850714,0.27575757575757576,0.25757575757575757,0.9424242424242424,33
200,0.7,0.4,M7,0.7,M4,1.0476824721011757,0.8355189536142644,0.8814814814814815,0.9296296296296296,0.3037037037037037,27
200,0.7,0.4,M7,0.7,M5,1.0453460832688777,0.8344202195091641,0.9,0.144,0.956,25
200,0.7,0.4,M7,0.7,M6,1.0371578020405579,0.8287415425840129,0.21666666666666667,0.9266666666666666,0.8833333333333333,30
200,0.7,0.4,M7,0.7,M7,1.03407000750324,0.8235347884672726,0.8833333333333333,0.9,0.8777777777777778,18
200,0.7,0.4,M7,0.8,M0,1.0655444173102693,0.8493731943880867,0.4,0.43333333333333335,0.39999999999999997,15
200,0.7,0.4,M7,0.8,M1,1.061301802098838,0.8470794975389541,0.9111111111111111,0.34444444444444444,0.3277777777777778,18
200,0.7,0.4,M7,0.8,M2,1.04903531952206,0.8366023890245182,0.3211538461538461,0.95,0.3076923076923077,52
200,0.7,0.4,M7,0.8,M3,1.0498423002072168,0.837897977158616,0.3162162162162162,0.3081081081081081,0.9648648648648649,37
200,0.7,0.4,M7,0.8,M4,1.0474431805631084,0.8348536606728861,0.9363636363636364,0.9318181818181819,0.32272727272727275,22
200,0.7,0.4,M7,0.8,M5,1.0453907998089587,0.8341767186850625,0.9380952380952381,0.15714285714285714,0.9761904761904762,21
200,0.7,0.4,M7,0.8,M6,1.0363991824003476,0.8275995103205847,0.252,0.9440000000000001,0.912,25
200,0.7,0.4,M7,0.8,M7,1.0349745105388377,0.8246850382574841,0.95,0.9400000000000001,0.92,10
200,0.85,0,M0,0.6,M0,1.0172627973185608,0.8117294908389588,0.14661654135338345,0.1285714285714286,0.14511278195488722,133
200,0.85,0,M0,0.6,M1,1.0191219549786272,0.8133295626646421,0.7461538461538462,0.09230769230769231,0.06923076923076923,13
200,0.85,0,M0,0.6,M2,1.0243144314937307,0.8169612537314118,0.14,0.795,0.13,20
200,0.85,0,M0,0.6,M3,1.024237865745869,0.8160258701608674,0.14285714285714285,0.16428571428571428,0.775,28
200,0.85,0,M0,0.6,M4,1.0411870704562018,0.8347185423706894,0.9,1,0,2
200,0.85,0,M0,0.6,M5,1.0270681054359425,0.8178349086842023,0.75,0.15000000000000002,0.95,2
200,0.85,0,M0,0.6,M6,1.0344468090291565,0.823968392228926,0.05,0.9,0.8,2
200,0.85,0,M0,0.7,M0,1.0177092169354198,0.8119972248201197,0.15714285714285714,0.14675324675324675,0.17987012987012987,154
200,0.85,0,M0,0.7,M1,1.0184287679513346,0.8123144457079362,0.79,0.08,0.08,10
200,0.85,0,M0,0.7,M2,1.022784551571758,0.8156614631184824,0.15714285714285714,0.8785714285714286,0.10714285714285715,14
200,0.85,0,M0,0.7,M3,1.0247851729438018,0.8160498537966391,0.13529411764705881,0.19411764705882353,0.9058823529411765,17
200,0.85,0,M0,0.7,M4,1.0411870704562018,0.8347185423706894,0.9,1,0,2
200,0.85,0,M0,0.7,M5,1.0245339068440225,0.8201124402174006,0.9,0.1,1,1
200,0.85,0,M0,0.7,M6,1.0344468090291565,0.823968392228926,0.05,0.9,0.8,2
200,0.85,0,M0,0.8,M0,1.0174044979709913,0.8117565630024316,0.17300613496932515,0.1521472392638037,0.18282208588957055,163
200,0.85,0,M0,0.8,M1,1.0243072886569042,0.8179441346328186,0.88,0.060000000000000005,0.060000000000000005,5
200,0.85,0,M0,0.8,M2,1.0243262340725494,0.8164016479743854,0.14615384615384616,0.9,0.15384615384615385,13
200,0.85,0,M0,0.8,M3,1.0258721869442913,0.8166953391179875,0.14666666666666667,0.2,0.9333333333333333,15
200,0.85,0,M0,0.8,M4,1.0411870704562018,0.8347185423706894,0.9,1,0,2
200,0.85,0,M0,0.8,M5,1.0245339068440225,0.8201124402174006,0.9,0.1,1,1
200,0.85,0,M0,0.8,M6,1.0369631850733891,0.8250690418469974,0,1,0.9,1
200,0.85,0,M6,0.6,M0,1.047752424834499,0.8374175009617132,0.14615384615384616,0.36153846153846153,0.34615384615384615,13
200,0.85,0,M6,0.6,M1,1.0465635051320556,0.8337470978282172,0.825,0.1625,0.25,8
200,0.85,0,M6,0.6,M2,1.0313163056562948,0.8228037207546665,0.11794871794871795,0.8743589743589744,0.21282051282051281,39
200,0.85,0,M6,0.6,M3,1.0327235013004927,0.8235819201102716,0.17962962962962964,0.23703703703703705,0.9203703703703704,54
200,0.85,0,M6,0.6,M4,1.0285705897135007,0.8218519407273949,0.74,0.8,0.3,5
200,0.85,0,M6,0.6,M5,1.0303853677327737,0.8228133484807534,0.7833333333333333,0.16666666666666669,0.8833333333333333,6
200,0.85,0,M6,0.6,M6,1.0226947389096734,0.8158312363822788,0.16875,0.8734375,0.859375,64
200,0.85,0,M6,0.6,M7,1.0268589729331352,0.8187016012538683,0.6636363636363636,0.7545454545454545,0.9,11
200,0.85,0,M6,0.7,M0,1.0461767255703038,0.8350279546126255,0.2,0.38181818181818183,0.4,22
200,0.85,0,M6,0.7,M1,1.0481945459742983,0.8361114998140502,0.8375,0.1625,0.275,8
200,0.85,0,M6,0.7,M2,1.0306539874685596,0.822482410434418,0.14347826086956522,0.9021739130434783,0.2847826086956522,46
200,0.85,0,M6,0.7,M3,1.0330662623292863,0.8240178863114478,0.19491525423728814,0.2847457627118644,0.9305084745762712,59
200,0.85,0,M6,0.7,M4,1.026293690400581,0.8203886960130916,0.7749999999999999,0.775,0.3,4
200,0.85,0,M6,0.7,M5,1.0326411188722637,0.8243622140762406,0.8142857142857143,0.32857142857142857,0.9285714285714286,7
200,0.85,0,M6,0.7,M6,1.0220321854768253,0.814940410942555,0.19811320754716982,0.9,0.9150943396226415,53
200,0.85,0,M6,0.7,M7,1.0273546756060692,0.8170734854216438,0.8,1,1,1
200,0.85,0,M6,0.8,M0,1.04584243776453,0.8351120797587641,0.2641025641025641,0.4615384615384615,0.38461538461538464,39
200,0.85,0,M6,0.8,M1,1.0477846448489685,0.8346265020155726,0.8833333333333333,0.16666666666666666,0.23333333333333334,6
200,0.85,0,M6,0.8,M2,1.0296123555617926,0.8220424199471725,0.14285714285714285,0.95,0.3333333333333333,42
200,0.85,0,M6,0.8,M3,1.033141296483792,0.823984226921621,0.22388059701492538,0.3328358208955224,0.9402985074626866,67
200,0.85,0,M6,0.8,M4,1.027897082896019,0.8208560601442126,1,0.9,0.5,1
200,0.85,0,M6,0.8,M5,1.0376567788873465,0.8260296499947467,0.9666666666666667,0.26666666666666666,1,3
200,0.85,0,M6,0.8,M6,1.0215887367344827,0.8145429391648831,0.1951219512195122,0.9317073170731708,0.9341463414634147,41
200,0.85,0,M6,0.8,M7,1.0273546756060692,0.8170734854216438,0.8,1,1,1
200,0.85,0,M7,0.6,M0,1.0540320102500527,0.8409921873752776,0.275,0.15,0.35000000000000003,4
200,0.85,0,M7,0.6,M1,1.0473364038010935,0.8366263573180943,0.9785714285714285,0.2785714285714286,0.29285714285714287,14
200,0.85,0,M7,0.6,M2,1.0428107108404774,0.8319370579337098,0.25,0.9111111111111111,0.25,18
200,0.85,0,M7,0.6,M3,1.04825904874608,0.8391090578339923,0.2545454545454546,0.22727272727272727,0.8363636363636363,11
200,0.85,0,M7,0.6,M4,1.0364418501515074,0.8279769832173731,0.8742857142857143,0.8828571428571429,0.2057142857142857,35
200,0.85,0,M7,0.6,M5,1.0314384511772325,0.822934876591571,0.8787878787878788,0.24242424242424243,0.8696969696969697,33
200,0.85,0,M7,0.6,M6,1.0311233755805957,0.8239849952687521,0.20434782608695654,0.9043478260869565,0.8804347826086957,46
200,0.85,0,M7,0.6,M7,1.0254658011051456,0.8186839640411034,0.8384615384615385,0.8487179487179487,0.8743589743589744,39
200,0.85,0,M7,0.7,M0,1.057434581681401,0.8446792671640655,0.35714285714285715,0.32857142857142857,0.35714285714285715,7
200,0.85,0,M7,0.7,M1,1.04789604003362,0.8368263440669171,0.968421052631579,0.3263157894736842,0.30526315789473685,19
200,0.85,0,M7,0.7,M2,1.0411199493271712,0.8308491117624336,0.2916666666666667,0.9416666666666667,0.31666666666666665,24
200,0.85,0,M7,0.7,M3,1.0468413880599152,0.8369772769013201,0.2875,0.30625,0.88125,16
200,0.85,0,M7,0.7,M4,1.0370162775697849,0.8286852517233804,0.890625,0.915625,0.246875,32
200,0.85,0,M7,0.7,M5,1.0294604868070767,0.8217275734323671,0.9,0.2645161290322581,0.8903225806451613,31
200,0.85,0,M7,0.7,M6,1.0317321505813493,0.8240454794337282,0.25555555555555554,0.9111111111111111,0.9088888888888889,45
200,0.85,0,M7,0.7,M7,1.0272931352836987,0.819836334510545,0.9,0.8653846153846154,0.8961538461538462,26
200,0.85,0,M7,0.8,M0,1.0622407770119684,0.8484655661192544,0.415,0.41,0.535,20
200,0.85,0,M7,0.8,M1,1.046728481129021,0.8366178913962904,0.9923076923076923,0.39999999999999997,0.29615384615384616,26
200,0.85,0,M7,0.8,M2,1.0440088441186612,0.832659713278514,0.35,0.9633333333333334,0.32,30
200,0.85,0,M7,0.8,M3,1.0450942477168867,0.8353140295665508,0.36470588235294116,0.3941176470588235,0.9411764705882353,17
200,0.85,0,M7,0.8,M4,1.0346902744383781,0.8272892449165072,0.9291666666666667,0.95,0.35,24
200,0.85,0,M7,0.8,M5,1.0310309855912636,0.8228908585768837,0.9384615384615385,0.28846153846153844,0.926923076923077,26
200,0.85,0,M7,0.8,M6,1.0323064753403899,0.8241280259046783,0.28780487804878047,0.9292682926829269,0.9390243902439025,41
200,0.85,0,M7,0.8,M7,1.0270549597479754,0.8196735094591451,0.90625,0.9,0.9187500000000001,16
200,0.85,0.4,M0,0.6,M0,1.0171703579398461,0.8118557294906528,0.12573529411764706,0.15073529411764705,0.1411764705882353,136
200,0.85,0.4,M0,0.6,M1,1.0190021428726999,0.8140236456373253,0.73,0.15,0.185,20
200,0.85,0.4,M0,0.6,M2,1.0206134298313208,0.8153858930860247,0.11904761904761905,0.7904761904761904,0.1619047619047619,21
200,0.85,0.4,M0,0.6,M3,1.019321470666219,0.8129658625561783,0.1076923076923077,0.13076923076923078,0.7153846153846154,13
200,0.85,0.4,M0,0.6,M4,1.0272148361623414,0.8197856120275235,0.7,0.88,0.060000000000000005,5
200,0.85,0.4,M0,0.6,M5,1.0426037903511582,0.8292756546247301,0.6,0.1,0.8,1
200,0.85,0.4,M0,0.6,M6,1.0418217880654839,0.8328188831417705,0.1,0.75,0.775,4
200,0.85,0.4,M0,0.7,M0,1.0168944542728506,0.8116416187328809,0.14465408805031446,0.17232704402515722,0.17169811320754716,159
200,0.85,0.4,M0,0.7,M1,1.01972003831972,0.8149792874411639,0.8,0.16923076923076924,0.2153846153846154,13
200,0.85,0.4,M0,0.7,M2,1.022054508265202,0.8162376015034462,0.20588235294117646,0.8823529411764706,0.11176470588235295,17
200,0.85,0.4,M0,0.7,M3,1.024118651350456,0.8177744188422875,0.15714285714285714,0.15714285714285714,0.8571428571428572,7
200,0.85,0.4,M0,0.7,M4,1.022320756425645,0.813945895865228,0.85,0.9,0,2
200,0.85,0.4,M0,0.7,M6,1.0532806482781192,0.8412546908006447,0.2,0.9,0.9,2
200,0.85,0.4,M0,0.8,M0,1.0168132557010912,0.8115716101876982,0.1625,0.18333333333333335,0.1755952380952381,168
200,0.85,0.4,M0,0.8,M1,1.0173948137719229,0.8144053075879848,0.8857142857142858,0.1142857142857143,0.22857142857142856,7
200,0.85,0.4,M0,0.8,M2,1.0207126572581486,0.8150344054382074,0.25625,0.9,0.1,16
200,0.85,0.4,M0,0.8,M3,1.0263001231872362,0.8190209533415945,0.18333333333333335,0.08333333333333334,0.8833333333333333,6
200,0.85,0.4,M0,0.8,M4,1.0433237268395796,0.8330785754799945,1,1,0,1
200,0.85,0.4,M0,0.8,M6,1.0532806482781192,0.8412546908006447,0.2,0.9,0.9,2
200,0.85,0.4,M6,0.6,M0,1.0533328894221432,0.8408857973849793,0.26666666666666666,0.2833333333333333,0.3333333333333333,6
200,0.85,0.4,M6,0.6,M1,1.050093099111845,0.8356576097944992,0.6,0.5,0.4,1
200,0.85,0.4,M6,0.6,M2,1.0275013080839124,0.820214020693502,0.1,0.8956521739130435,0.22608695652173913,46
200,0.85,0.4,M6,0.6,M3,1.0298566963510296,0.820932779226775,0.1349206349206349,0.19365079365079366,0.9126984126984127,63
200,0.85,0.4,M6,0.6,M4,1.0428129383715183,0.8320446043104056,0.8222222222222222,0.9,0.17777777777777778,9
200,0.85,0.4,M6,0.6,M5,1.0311573540862227,0.822268927896913,0.7,0.2,0.9538461538461539,13
200,0.85,0.4,M6,0.6,M6,1.023629423078805,0.8168033365272833,0.16607142857142856,0.8178571428571428,0.8535714285714285,56
200,0.85,0.4,M6,0.6,M7,1.0333218169892695,0.8236286238664964,0.6833333333333333,0.7666666666666666,0.8333333333333334,6
200,0.85,0.4,M6,0.7,M0,1.0551150338193789,0.8412618872843509,0.2,0.3769230769230769,0.43846153846153846,13
200,0.85,0.4,M6,0.7,M2,1.0277767729702294,0.8201719964512099,0.12115384615384615,0.9038461538461539,0.2653846153846154,52
200,0.85,0.4,M6,0.7,M3,1.0295767266799456,0.8209555552993161,0.1949367088607595,0.25949367088607594,0.9240506329113924,79
200,0.85,0.4,M6,0.7,M4,1.0435687707972876,0.8332925026862426,0.8875000000000001,0.925,0.1875,8
200,0.85,0.4,M6,0.7,M5,1.0353081974955358,0.8262813400280518,0.8166666666666667,0.1,0.9833333333333334,6
200,0.85,0.4,M6,0.7,M6,1.023324424134613,0.8164802836589022,0.1975609756097561,0.8634146341463415,0.8829268292682927,41
200,0.85,0.4,M6,0.7,M7,1.043681499254094,0.8335193752027704,0.8,0.9,1,1
200,0.85,0.4,M6,0.8,M0,1.0533977068399685,0.8392598689075192,0.22,0.49666666666666665,0.51,30
200,0.85,0.4,M6,0.8,M1,1.0477149217131008,0.8392222799095223,0.9,0.7,0.6,1
200,0.85,0.4,M6,0.8,M2,1.0264833978888352,0.8192290433574286,0.10204081632653061,0.9387755102040817,0.2857142857142857,49
200,0.85,0.4,M6,0.8,M3,1.0296620498939184,0.8213342757760997,0.215,0.27625,0.9450000000000001,80
200,0.85,0.4,M6,0.8,M4,1.045568045365545,0.8344060123455032,0.8857142857142858,0.9571428571428572,0.12857142857142856,7
200,0.85,0.4,M6,0.8,M5,1.0347057891562566,0.8247956053512586,0.875,0.05,1,4
200,0.85,0.4,M6,0.8,M6,1.024424495755154,0.8175605166807223,0.17857142857142858,0.9,0.9178571428571429,28
200,0.85,0.4,M6,0.8,M7,1.043681499254094,0.8335193752027704,0.8,0.9,1,1
200,0.85,0.4,M7,0.6,M0,1.0592284057680597,0.8477376887188072,0.15,0.45,0.35,2
200,0.85,0.4,M7,0.6,M1,1.05253204330911,0.8398880338168438,0.88,0.32,0.32,5
200,0.85,0.4,M7,0.6,M2,1.0387427014162238,0.828736810155732,0.2482758620689655,0.9689655172413794,0.19310344827586207,29
200,0.85,0.4,M7,0.6,M3,1.0429062293456792,0.8318049059819463,0.2482758620689655,0.20689655172413793,0.9413793103448276,29
200,0.85,0.4,M7,0.6,M4,1.0341738630437036,0.8246123377412924,0.8178571428571428,0.9142857142857143,0.2642857142857143,28
200,0.85,0.4,M7,0.6,M5,1.0318815041674936,0.823992590340347,0.8468085106382979,0.2574468085106383,0.9,47
200,0.85,0.4,M7,0.6,M6,1.0348042880984278,0.8260726373174674,0.2235294117647059,0.8676470588235294,0.8382352941176471,34
200,0.85,0.4,M7,0.6,M7,1.0269825630586085,0.8189660141969393,0.85,0.8115384615384615,0.8115384615384615,26
200,0.85,0.4,M7,0.7,M0,1.0644318672739386,0.8478617049963298,0.3,0.5,0.325,4
200,0.85,0.4,M7,0.7,M1,1.0547336082959737,0.8421528246916671,0.9333333333333333,0.3888888888888889,0.43333333333333335,9
200,0.85,0.4,M7,0.7,M2,1.0391721978549522,0.8293866997312366,0.2914285714285714,0.9714285714285714,0.24857142857142858,35
200,0.85,0.4,M7,0.7,M3,1.04235957028129,0.8316371511644366,0.34249999999999997,0.2525,0.93,40
200,0.85,0.4,M7,0.7,M4,1.033853300108978,0.8243602035865625,0.8576923076923078,0.9153846153846154,0.2846153846153846,26
200,0.85,0.4,M7,0.7,M5,1.0308397475282478,0.8231818085346243,0.8897435897435898,0.26666666666666666,0.9179487179487179,39
200,0.85,0.4,M7,0.7,M6,1.0354297912465855,0.8264290435709531,0.20666666666666667,0.8766666666666667,0.8633333333333333,30
200,0.85,0.4,M7,0.7,M7,1.0282669383582999,0.8202993325025146,0.8705882352941177,0.8705882352941177,0.8411764705882353,17
200,0.85,0.4,M7,0.8,M0,1.0671451543070622,0.8518076989873068,0.4666666666666667,0.45,0.5499999999999999,12
200,0.85,0.4,M7,0.8,M1,1.0553027016885934,0.8429636173846184,0.9333333333333333,0.45,0.4666666666666667,12
200,0.85,0.4,M7,0.8,M2,1.0381314458246587,0.8284403112116513,0.3068181818181818,0.9704545454545455,0.29318181818181815,44
200,0.85,0.4,M7,0.8,M3,1.0415787839904362,0.8311622857250254,0.358695652173913,0.2956521739130435,0.9478260869565217,46
200,0.85,0.4,M7,0.8,M4,1.0357946429953537,0.8254160244400042,0.8958333333333334,0.925,0.36666666666666664,24
200,0.85,0.4,M7,0.8,M5,1.0321236021891005,0.82438059259880625,0.9294117647058824,0.29411764705882354,0.9323529411764706,34
200,0.85,0.4,M7,0.8,M6,1.0379211628922733,0.8279817348072379,0.2818181818181818,0.9181818181818182,0.9136363636363637,22
200,0.85,0.4,M7,0.8,M7,1.022579989400871,0.81520819541209,0.9,0.9,0.8666666666666667,6
500,0.7,0,M0,0.6,M0,1.019297129545793,0.8136453796472324,0.14651162790697675,0.15465116279069768,0.16395348837209303,86
500,0.7,0,M0,0.6,M1,1.0210242471242377,0.8147000621130202,0.8,0.18095238095238095,0.14285714285714285,21
500,0.7,0,M0,0.6,M2,1.0201160215991012,0.8141441460166152,0.18536585365853658,0.7560975609756098,0.1878048780487805,41
500,0.7,0,M0,0.6,M3,1.0233140994644576,0.8164038077657809,0.13428571428571429,0.15142857142857144,0.8542857142857143,35
500,0.7,0,M0,0.6,M5,1.0232911760665384,0.818245308646278,0.8833333333333333,0.25,0.7833333333333333,6
500,0.7,0,M0,0.6,M6,1.0246820905593443,0.8176716090973111,0.23,0.86,0.74,10
500,0.7,0,M0,0.6,M7,1.02149451005593,0.8179246710395282,0.7,0.9,0.9,1
500,0.7,0,M0,0.7,M0,1.0193624762653555,0.8136663541834235,0.16203703703703703,0.21296296296296297,0.1962962962962963,108
500,0.7,0,M0,0.7,M1,1.0215742627612685,0.8150056202799737,0.8333333333333334,0.15555555555555556,0.11111111111111112,18
500,0.7,0,M0,0.7,M2,1.0203322427465504,0.8143253263301751,0.19333333333333333,0.8433333333333334,0.21333333333333335,30
500,0.7,0,M0,0.7,M3,1.023859715741083,0.816671687014324,0.14333333333333334,0.16666666666666669,0.8966666666666667,30
500,0.7,0,M0,0.7,M5,1.0232911760665384,0.818245308646278,0.8833333333333333,0.25,0.7833333333333333,6
500,0.7,0,M0,0.7,M6,1.0276645990108166,0.8211055427230947,0.19999999999999998,0.8428571428571429,0.7999999999999999,7
500,0.7,0,M0,0.7,M7,1.02149451005593,0.8179246710395282,0.7,0.9,0.9,1
500,0.7,0,M0,0.8,M0,1.0193118785950113,0.8136291599912594,0.19236641221374046,0.25419847328244277,0.22061068702290076,131
500,0.7,0,M0,0.8,M1,1.0231422551195213,0.8168655538448137,0.8928571428571429,0.15714285714285714,0.22857142857142856,14
500,0.7,0,M0,0.8,M2,1.023042504824781,0.8163205723479615,0.18636363636363637,0.9136363636363637,0.23636363636363636,22
500,0.7,0,M0,0.8,M3,1.024145382310855,0.8167634776328767,0.16538461538461538,0.16923076923076924,0.9307692307692308,26
500,0.7,0,M0,0.8,M5,1.019824263542956,0.8141929595008389,0.9666666666666667,0.26666666666666666,0.8333333333333334,3
500,0.7,0,M0,0.8,M6,1.026417704247542,0.8206206295547157,0.25,0.9,0.925,4
500,0.7,0,M6,0.6,M2,1.0334150383575673,0.8238162580954895,0.16363636363636364,0.990909090909091,0.2545454545454545,11
500,0.7,0,M6,0.6,M3,1.0348516319602932,0.8258979273000188,0.24736842105263157,0.3,0.9526315789473684,19
500,0.7,0,M6,0.6,M4,1.0345533534651639,0.8245090572833645,0.9125,0.975,0.3375,8
500,0.7,0,M6,0.6,M5,1.0321605572018162,0.8242802195045674,0.8615384615384616,0.3230769230769231,0.9846153846153847,13
500,0.7,0,M6,0.6,M6,1.0274607458239118,0.8196275284681014,0.1324561403508772,0.9271929824561403,0.9543859649122807,114
500,0.7,0,M6,0.6,M7,1.0273445273111226,0.8196879423307617,0.7942857142857143,0.9657142857142857,0.9457142857142857,35
500,0.7,0,M6,0.7,M2,1.0324530224544257,0.8233971704158113,0.15384615384615385,0.9923076923076923,0.3076923076923077,13
500,0.7,0,M6,0.7,M3,1.035423180184001,0.8255757272634456,0.23043478260869565,0.34347826086956523,0.9478260869565217,23
500,0.7,0,M6,0.7,M4,1.0345533534651639,0.8245090572833645,0.9125,0.975,0.3375,8
500,0.7,0,M6,0.7,M5,1.0315189540864829,0.8237935358609558,0.8692307692307693,0.3384615384615385,1,13
500,0.7,0,M6,0.7,M6,1.0274876774031934,0.8196966486896824,0.1683760683760684,0.9376068376068376,0.9598290598290599,117
500,0.7,0,M6,0.7,M7,1.0277698166384692,0.8202135267721024,0.8576923076923078,0.9769230769230769,0.9423076923076923,26
500,0.7,0,M6,0.8,M0,1.0292017883070261,0.8168755657276531,0.4,0.3,0.7,1
500,0.7,0,M6,0.8,M2,1.0334362086892601,0.8246979795663216,0.19473684210526315,0.9842105263157894,0.43157894736842106,19
500,0.7,0,M6,0.8,M3,1.036260850805772,0.8270368051590892,0.24444444444444444,0.4583333333333333,0.9722222222222222,36
500,0.7,0,M6,0.8,M4,1.0343941095964824,0.8244885723877684,0.9,0.9777777777777777,0.37777777777777777,9
500,0.7,0,M6,0.8,M5,1.0318566319056282,0.8242934024328225,0.92,0.32,1,10
500,0.7,0,M6,0.8,M6,1.0272660063283425,0.8193068542617803,0.19245283018867926,0.9622641509433962,0.9669811320754718,106
500,0.7,0,M6,0.8,M7,1.027041035154634,0.8193370471846414,0.9105263157894737,0.9789473684210527,0.9736842105263158,19
500,0.7,0,M7,0.6,M2,1.0409462457477674,0.8314100681496158,0.16666666666666669,1,0.23333333333333334,3
500,0.7,0,M7,0.6,M3,1.05454925434086,0.8416003641251333,0.25,0.3,1,2
500,0.7,0,M7,0.6,M4,1.0326461767629551,0.8230015918892234,0.9400000000000001,0.9733333333333334,0.18666666666666668,15
500,0.7,0,M7,0.6,M5,1.0366439982012143,0.8264378015226054,0.9904761904761905,0.30952380952380953,0.9952380952380953,21
500,0.7,0,M7,0.6,M6,1.0330280168245185,0.8249270383591787,0.24615384615384617,0.9615384615384616,0.9576923076923077,26
500,0.7,0,M7,0.6,M7,1.0285889215389517,0.820553625448342,0.912781954887218,0.937593984962406,0.943609022556391,133
500,0.7,0,M7,0.7,M2,1.040824354614279,0.8320846270941289,0.23333333333333334,1,0.35,6
500,0.7,0,M7,0.7,M3,1.05454925434086,0.8416003641251333,0.25,0.3,1,2
500,0.7,0,M7,0.7,M4,1.0335988427541463,0.823984795432643,0.968421052631579,0.9789473684210527,0.29473684210526313,19
500,0.7,0,M7,0.7,M5,1.0367781697740965,0.8266702291149948,0.9925925925925926,0.37407407407407406,0.9666666666666667,27
500,0.7,0,M7,0.7,M6,1.0323726202393286,0.8243306278859122,0.340625,0.95625,0.984375,32
500,0.7,0,M7,0.7,M7,1.0286716390060284,0.8205382242321355,0.9271929824561403,0.9517543859649122,0.9605263157894737,114
500,0.7,0,M7,0.8,M1,1.04567535671139,0.8326175147121766,1,0.6499999999999999,0.39999999999999997,2
500,0.7,0,M7,0.8,M2,1.040824354614279,0.8320846270941289,0.23333333333333334,1,0.35,6
500,0.7,0,M7,0.8,M3,1.0492827366320334,0.8370458174967459,0.3,0.43333333333333335,1,3
500,0.7,0,M7,0.8,M4,1.034892533222339,0.8252816977711733,0.9615384615384616,0.9923076923076923,0.4269230769230769,26
500,0.7,0,M7,0.8,M5,1.0360817634026571,0.8262887924456526,0.9857142857142858,0.4514285714285714,0.9771428571428572,35
500,0.7,0,M7,0.8,M6,1.0329813064311766,0.8246151644613936,0.42,0.97,0.9825,40
500,0.7,0,M7,0.8,M7,1.0283390552543132,0.8202528077324129,0.9443181818181818,0.9704545454545455,0.9806818181818182,88
500,0.7,0.4,M0,0.6,M0,1.0225422207183004,0.8163841963063833,0.136,0.192,0.17733333333333334,75
500,0.7,0.4,M0,0.6,M1,1.0237595926430572,0.8164825704027077,0.81875,0.14375,0.11875000000000001,16
500,0.7,0.4,M0,0.6,M2,1.0195039349765742,0.8132760942731194,0.17446808510638298,0.8106382978723404,0.16382978723404257,47
500,0.7,0.4,M0,0.6,M3,1.0174296956181752,0.8116122650397913,0.12439024390243902,0.13658536585365855,0.7975609756097561,41
500,0.7,0.4,M0,0.6,M4,1.0151874214082677,0.8089801898513925,0.7666666666666666,0.7333333333333333,0.18333333333333335,6
500,0.7,0.4,M0,0.6,M5,1.0218253555781007,0.8157151237613978,0.8181818181818182,0.11818181818181818,0.8090909090909091,11
500,0.7,0.4,M0,0.6,M6,1.021165187203079,0.8185638184854864,0.1,0.6333333333333333,0.7666666666666666,3
500,0.7,0.4,M0,0.6,M7,1.0354020778267512,0.8275055450857018,0.7,1,0.6,1
500,0.7,0.4,M0,0.7,M0,1.0220929743528975,0.8159538088228316,0.14791666666666667,0.20833333333333334,0.240625,96
500,0.7,0.4,M0,0.7,M1,1.0248831300177978,0.8175431751510034,0.85,0.1875,0.15,16
500,0.7,0.4,M0,0.7,M2,1.019036344815425,0.8124478291622198,0.1813953488372093,0.8325581395348837,0.1511627906976744,43
500,0.7,0.4,M0,0.7,M3,1.017575659236381,0.8122075134900436,0.1625,0.153125,0.871875,32
500,0.7,0.4,M0,0.7,M4,1.0204347489552914,0.8139968229551443,0.8,0.82,0.32,5
500,0.7,0.4,M0,0.7,M5,1.0186778099674316,0.8130450069133185,0.8857142857142858,0.07142857142857144,0.8571428571428572,7
500,0.7,0.4,M0,0.7,M6,1.0148204162955226,0.8138672549689986,0.2,0.7,1,1
500,0.7,0.4,M0,0.8,M0,1.0211021304885848,0.815127727742531,0.18387096774193548,0.2701612903225806,0.2532258064516129,124
500,0.7,0.4,M0,0.8,M1,1.0258096843759323,0.8178492897871885,0.8928571428571429,0.25,0.21428571428571427,14
500,0.7,0.4,M0,0.8,M2,1.0191916079480785,0.8126075489686694,0.18620689655172415,0.906896551724138,0.16551724137931034,29
500,0.7,0.4,M0,0.8,M3,1.0188532287878875,0.8128026979952222,0.1576923076923077,0.16153846153846155,0.9230769230769231,26
500,0.7,0.4,M0,0.8,M4,1.0344707738141932,0.825751771401181,1,1,0,1
500,0.7,0.4,M0,0.8,M5,1.0177263784321626,0.8127517587400691,0.9,0.08333333333333334,0.8833333333333333,6
500,0.7,0.4,M6,0.6,M2,1.0325034389742045,0.8220912513818613,0.15714285714285714,1,0.2285714285714286,14
500,0.7,0.4,M6,0.6,M3,1.0289213044611794,0.8218969032858262,0.15263157894736842,0.2789473684210526,0.9947368421052631,19
500,0.7,0.4,M6,0.6,M4,1.038297128212911,0.8284026150284,0.8857142857142857,0.9142857142857143,0.3,7
500,0.7,0.4,M6,0.6,M5,1.0351250288727616,0.825841685108059,0.8666666666666667,0.24166666666666667,0.9833333333333334,12
500,0.7,0.4,M6,0.6,M6,1.027258361849345,0.8194159981018866,0.17203389830508475,0.9508474576271186,0.940677966101695,118
500,0.7,0.4,M6,0.6,M7,1.0249893848314913,0.8168907774128041,0.85,0.9233333333333333,0.93,30
500,0.7,0.4,M6,0.7,M2,1.0361408149680575,0.8256103949896119,0.15789473684210525,0.9894736842105263,0.3157894736842105,19
500,0.7,0.4,M6,0.7,M3,1.0304395774051716,0.8228434528259408,0.20416666666666666,0.3125,0.9875,24
500,0.7,0.4,M6,0.7,M4,1.0326674835262748,0.8237319423466802,0.9428571428571428,0.9428571428571428,0.32857142857142857,7
500,0.7,0.4,M6,0.7,M5,1.0343767836013695,0.8252276210912891,0.9,0.2818181818181818,0.9545454545454546,11
500,0.7,0.4,M6,0.7,M6,1.0265697813661743,0.8187518596948917,0.18869565217391304,0.9556521739130435,0.9539130434782609,115
500,0.7,0.4,M6,0.7,M7,1.026580130494886,0.8183076244798424,0.8916666666666667,0.9416666666666667,0.9458333333333333,24
500,0.7,0.4,M6,0.8,M0,1.0356857755315056,0.8241294897467805,0.7,0.6,0.7,1
500,0.7,0.4,M6,0.8,M1,1.062609909074284,0.8490843695979301,1,0.7,0.5,1
500,0.7,0.4,M6,0.8,M2,1.035048889710345,0.8252249210635617,0.15,0.9892857142857143,0.4392857142857143,28
500,0.7,0.4,M6,0.8,M3,1.0300190625704646,0.822507216489397,0.2064516129032258,0.39999999999999997,0.9903225806451613,31
500,0.7,0.4,M6,0.8,M4,1.0322873743552194,0.8232724333464955,0.9428571428571428,0.9857142857142858,0.35714285714285715,7
500,0.7,0.4,M6,0.8,M5,1.037097630604249,0.827764304173236,0.9272727272727272,0.2909090909090909,0.9818181818181818,11
500,0.7,0.4,M6,0.8,M6,1.026805259321246,0.8188721888685793,0.21165048543689322,0.9699029126213592,0.9718446601941748,103
500,0.7,0.4,M6,0.8,M7,1.0254957924786219,0.8169095637012663,0.9222222222222223,0.95,0.9611111111111111,18
500,0.7,0.4,M7,0.6,M1,1.0656332718463908,0.8511830034042606,1,0.5,0.3,1
500,0.7,0.4,M7,0.6,M2,1.0507461495974066,0.839629962842265,0.3,1,0,1
500,0.7,0.4,M7,0.6,M3,1.0487531926260965,0.8357924620189405,0.4,0,1,1
500,0.7,0.4,M7,0.6,M4,1.0337549311304806,0.8242716484415266,0.8823529411764706,0.9705882352941176,0.23529411764705882,17
500,0.7,0.4,M7,0.6,M5,1.0377292563614677,0.8281592401056286,0.9555555555555556,0.2611111111111111,0.9777777777777777,18
500,0.7,0.4,M7,0.6,M6,1.0350200377529652,0.825544545815095,0.2342857142857143,0.96,0.9514285714285714,35
500,0.7,0.4,M7,0.6,M7,1.0276324028038222,0.8201320680227271,0.9039370078740158,0.9574803149606299,0.9338582677165355,127
500,0.7,0.4,M7,0.7,M1,1.0629120283723035,0.848976323328429,1,0.5,0.44999999999999996,2
500,0.7,0.4,M7,0.7,M2,1.046977712732671,0.8369923101514536,0.39999999999999997,1,0.19999999999999998,3
500,0.7,0.4,M7,0.7,M3,1.0476876509147561,0.8321530740230059,0.45,0.3,1,2
500,0.7,0.4,M7,0.7,M4,1.0340382182071095,0.8244065131879549,0.9,0.975,0.32,20
500,0.7,0.4,M7,0.7,M5,1.0358727779897088,0.8266257203182602,0.9555555555555556,0.26666666666666666,1,18
500,0.7,0.4,M7,0.7,M6,1.0346247491399998,0.8256359053891186,0.3116279069767442,0.9697674418604652,0.9627906976744186,43
500,0.7,0.4,M7,0.7,M7,1.0276080223900907,0.8200113578766299,0.9303571428571429,0.9580357142857143,0.9419642857142857,112
500,0.7,0.4,M7,0.8,M1,1.0478666427336578,0.8354229277647878,1,0.6,0.39999999999999997,4
500,0.7,0.4,M7,0.8,M2,1.0449068895474216,0.8337592957729103,0.5874999999999999,0.9875,0.3875,8
500,0.7,0.4,M7,0.8,M3,1.042132697830273,0.8297944570868353,0.5428571428571428,0.5285714285714286,1,7
500,0.7,0.4,M7,0.8,M4,1.0347620119566383,0.8259094424319381,0.9400000000000001,0.995,0.40499999999999997,20
500,0.7,0.4,M7,0.8,M5,1.0340540870276178,0.8250971194959626,0.9888888888888889,0.28888888888888886,1,18
500,0.7,0.4,M7,0.8,M6,1.0342996817262027,0.8254661474154908,0.3962264150943396,0.9830188679245283,0.9584905660377359,53
500,0.7,0.4,M7,0.8,M7,1.0280986570088602,0.8203708747632423,0.9644444444444444,0.9633333333333334,0.9577777777777778,90
500,0.85,0,M0,0.6,M0,1.012632788155122,0.808046857453882,0.13163265306122449,0.16020408163265307,0.12653061224489795,98
500,0.85,0,M0,0.6,M1,1.0133749811294999,0.8088911672016434,0.75625,0.13125,0.115625,32
500,0.85,0,M0,0.6,M2,1.0140345712972463,0.8084491981493298,0.11111111111111112,0.7666666666666666,0.1925925925925926,27
500,0.85,0,M0,0.6,M3,1.014911833784926,0.8101062845163726,0.1413793103448276,0.13448275862068965,0.7724137931034483,29
500,0.85,0,M0,0.6,M4,1.0143788336378008,0.811202169002082,0.78,0.86,0.2,5
500,0.85,0,M0,0.6,M5,1.0182279667617202,0.8147868063147573,0.8,0.14,0.78,5
500,0.85,0,M0,0.6,M6,1.0222422697473295,0.8162492572695101,0.06666666666666667,0.7,0.6333333333333333,3
500,0.85,0,M0,0.6,M7,1.0239951066764676,0.8152957112885666,0.9,0.8,0.7,1
500,0.85,0,M0,0.7,M0,1.012595904057201,0.8079740490566807,0.16885245901639345,0.16639344262295083,0.16639344262295083,122
500,0.85,0,M0,0.7,M1,1.0129148888909336,0.8088929117855672,0.8318181818181818,0.15454545454545454,0.10909090909090909,22
500,0.85,0,M0,0.7,M2,1.0145829366036276,0.8090017505655938,0.11923076923076924,0.7884615384615384,0.2423076923076923,26
500,0.85,0,M0,0.7,M3,1.0158590621350907,0.8114128130969392,0.19545454545454546,0.16818181818181818,0.8409090909090909,22
500,0.85,0,M0,0.7,M4,1.01418171963047,0.8108232108242417,0.825,0.9,0.125,4
500,0.85,0,M0,0.7,M5,1.022361619710629,0.8161266688264391,0.9,0.03333333333333333,0.8333333333333334,3
500,0.85,0,M0,0.7,M7,1.0239951066764676,0.8152957112885666,0.9,0.8,0.7,1
500,0.85,0,M0,0.8,M0,1.0124772955224002,0.8078536388901342,0.1912162162162162,0.21756756756756757,0.19054054054054054,148
500,0.85,0,M0,0.8,M1,1.011838141821799,0.8078364606534458,0.9071428571428571,0.10714285714285715,0.1,14
500,0.85,0,M0,0.8,M2,1.0159221963882574,0.8109565355713595,0.18666666666666668,0.88,0.21333333333333335,15
500,0.85,0,M0,0.8,M3,1.0152383431491872,0.8108495057674967,0.22941176470588234,0.16470588235294117,0.8823529411764706,17
500,0.85,0,M0,0.8,M4,1.0155833820331477,0.8107830783539648,0.9333333333333333,0.8666666666666667,0.3,3
500,0.85,0,M0,0.8,M5,1.022361619710629,0.8161266688264391,0.9,0.03333333333333333,0.8333333333333334,3
500,0.85,0,M6,0.6,M2,1.0278540348883127,0.8200564488191914,0.2181818181818182,0.9818181818181818,0.34545454545454546,11
500,0.85,0,M6,0.6,M3,1.0288194991473507,0.8194866420686847,0.1375,0.275,1,8
500,0.85,0,M6,0.6,M4,1.0280268252255724,0.8172565748392572,0.8333333333333334,0.9,0.4,3
500,0.85,0,M6,0.6,M5,1.0248751482465461,0.8158793867027285,0.9,0.1,1,1
500,0.85,0,M6,0.6,M6,1.0190128811734067,0.8128975749782654,0.15069444444444444,0.9527777777777778,0.9465277777777777,144
500,0.85,0,M6,0.6,M7,1.0192228950256992,0.8124607240283478,0.7757575757575758,0.9484848484848485,0.9363636363636364,33
500,0.85,0,M6,0.7,M2,1.0268880631747792,0.8191535494970874,0.2058823529411765,0.9764705882352941,0.43529411764705883,17
500,0.85,0,M6,0.7,M3,1.0317981791024893,0.8225387683597992,0.21666666666666667,0.3833333333333333,1,12
500,0.85,0,M6,0.7,M4,1.0249635144386753,0.8160601223671238,0.8250000000000001,0.9,0.45,4
500,0.85,0,M6,0.7,M5,1.028183806909603,0.8178422379973025,0.9,0.35,0.95,2
500,0.85,0,M6,0.7,M6,1.018667167322875,0.8125885877807768,0.17430555555555555,0.9638888888888889,0.9576388888888889,144
500,0.85,0,M6,0.7,M7,1.019226542114742,0.8123242501522931,0.8523809523809524,0.9523809523809524,0.9619047619047619,21
500,0.85,0,M6,0.8,M1,1.0409003424716858,0.8263878416392062,0.9,0.7,0.2,1
500,0.85,0,M6,0.8,M2,1.0272588033695351,0.8194834197974264,0.18947368421052632,0.9736842105263158,0.4631578947368421,19
500,0.85,0,M6,0.8,M3,1.0331386709658095,0.8238383325220148,0.19411764705882353,0.4764705882352941,0.9882352941176471,17
500,0.85,0,M6,0.8,M4,1.0254657263403635,0.8181804925719687,0.86,0.96,0.6,5
500,0.85,0,M6,0.8,M5,1.028183806909603,0.8178422379973025,0.9,0.35,0.95,2
500,0.85,0,M6,0.8,M6,1.0181080808635752,0.8121459020374735,0.1993006993006993,0.9741258741258741,0.9629370629370629,143
500,0.85,0,M6,0.8,M7,1.020751593527467,0.812591795993416,0.9076923076923077,0.9384615384615385,0.9846153846153847,13
500,0.85,0,M7,0.6,M1,1.036406061063044,0.8267052237619167,0.9,0.5,0.5,1
500,0.85,0,M7,0.6,M2,1.0189764570438846,0.8102169945281557,0.15,1,0.45,2
500,0.85,0,M7,0.6,M4,1.0228165217811076,0.816995742254248,0.97,0.98,0.23,10
500,0.85,0,M7,0.6,M5,1.0254175463081316,0.817130782169008,0.9933333333333333,0.23333333333333334,0.9933333333333333,15
500,0.85,0,M7,0.6,M6,1.027444367788391,0.8196996588922199,0.2392857142857143,0.9714285714285714,0.9678571428571429,28
500,0.85,0,M7,0.6,M7,1.0191975343900472,0.8137998071425957,0.9173611111111111,0.9493055555555555,0.9444444444444444,144
500,0.85,0,M7,0.7,M1,1.036406061063044,0.8267052237619167,0.9,0.5,0.5,1
500,0.85,0,M7,0.7,M2,1.0303264819119502,0.8193737079738651,0.38,1,0.54,5
500,0.85,0,M7,0.7,M4,1.0270990097131383,0.8206280024549628,0.975,0.9875,0.36875,16
500,0.85,0,M7,0.7,M5,1.0260650407147764,0.8173345855699311,0.98,0.325,0.99,20
500,0.85,0,M7,0.7,M6,1.0281061304876906,0.8203542654669029,0.3,0.9757575757575757,0.9818181818181818,33
500,0.85,0,M7,0.7,M7,1.0184196146986897,0.8133663829498236,0.9336,0.9576,0.9632000000000001,125
500,0.85,0,M7,0.8,M1,1.036406061063044,0.8267052237619167,0.9,0.5,0.5,1
500,0.85,0,M7,0.8,M2,1.0303264819119502,0.8193737079738651,0.38,1,0.54,5
500,0.85,0,M7,0.8,M3,1.0449576300668597,0.8291675618861811,0.4,0.7,1,1
500,0.85,0,M7,0.8,M4,1.026549318237057,0.819759298299305,0.9631578947368421,0.9894736842105263,0.42105263157894735,19
500,0.85,0,M7,0.8,M5,1.0255656736695788,0.8177883876211162,0.975,0.4321428571428571,0.9857142857142858,28
500,0.85,0,M7,0.8,M6,1.0272379387083086,0.8202594422163854,0.4068181818181818,0.9795454545454545,0.9818181818181818,44
500,0.85,0,M7,0.8,M7,1.0185283726694392,0.8133557379579769,0.9598039215686275,0.9754901960784313,0.9676470588235294,102
500,0.85,0.4,M0,0.6,M0,1.0128867429460728,0.8081883297600055,0.12868852459016394,0.14098360655737704,0.15245901639344261,122
500,0.85,0.4,M0,0.6,M1,1.0172462412130285,0.8115735570957824,0.7888888888888889,0.18333333333333335,0.20555555555555557,18
500,0.85,0.4,M0,0.6,M2,1.0175148384352661,0.8125495300005305,0.12692307692307692,0.7538461538461538,0.17692307692307693,26
500,0.85,0.4,M0,0.6,M3,1.015632073376962,0.8104795261976762,0.09545454545454546,0.18181818181818182,0.7272727272727273,22
500,0.85,0.4,M0,0.6,M4,1.0139683955721652,0.8092350208202658,0.8,0.7333333333333333,0.03333333333333333,3
500,0.85,0.4,M0,0.6,M5,1.0095538154792514,0.8043474853828335,0.72,0.12,0.8,5
500,0.85,0.4,M0,0.6,M6,1.0123239616054087,0.8076373279896013,0.1,0.825,0.725,4
500,0.85,0.4,M0,0.7,M0,1.0134749071222746,0.8087366118622025,0.13586206896551725,0.17793103448275863,0.1910344827586207,145
500,0.85,0.4,M0,0.7,M1,1.014843566080623,0.8097341198233898,0.8333333333333334,0.18666666666666668,0.22,15
500,0.85,0.4,M0,0.7,M2,1.0173362200724851,0.812048631466567,0.12222222222222223,0.8277777777777778,0.14444444444444446,18
500,0.85,0.4,M0,0.7,M3,1.0146479186758028,0.8101917235032001,0.18666666666666668,0.20666666666666667,0.8066666666666666,15
500,0.85,0.4,M0,0.7,M4,1.0163213974700538,0.8092381362879031,0.8500000000000001,0.8,0,2
500,0.85,0.4,M0,0.7,M5,1.0156960820527547,0.8084463487779194,0.7999999999999999,0,0.8333333333333334,3
500,0.85,0.4,M0,0.7,M6,1.0098907869218428,0.8034097817088122,0.2,1,0.85,2
500,0.85,0.4,M0,0.8,M0,1.0133956258815986,0.8087433332037272,0.151875,0.195,0.208125,160
500,0.85,0.4,M0,0.8,M1,1.0154474794456274,0.8099960282236772,0.9,0.22727272727272727,0.24545454545454545,11
500,0.85,0.4,M0,0.8,M2,1.0179956564693462,0.8118395652699468,0.12666666666666668,0.8733333333333334,0.16666666666666666,15
500,0.85,0.4,M0,0.8,M3,1.0155852751866243,0.8103130340462003,0.3090909090909091,0.13636363636363635,0.8727272727272728,11
500,0.85,0.4,M0,0.8,M4,1.0072738785414308,0.8063552131515853,0.8,0.9,0,1
500,0.85,0.4,M0,0.8,M5,1.0161734852984887,0.8079863833658669,1,0,0.8,1
500,0.85,0.4,M0,0.8,M6,1.011150139024658,0.8020040127886123,0.4,1,1,1
500,0.85,0.4,M6,0.6,M0,1.0601416840608495,0.8451321441354888,0,0,0.5,1
500,0.85,0.4,M6,0.6,M2,1.0265447169915314,0.8194717844368231,0.125,0.99375,0.26875,16
500,0.85,0.4,M6,0.6,M3,1.0273657455535787,0.8185180329599825,0.14500000000000002,0.29,1,20
500,0.85,0.4,M6,0.6,M4,1.0204169223938633,0.8125563912704583,0.7,0.925,0.4,4
500,0.85,0.4,M6,0.6,M5,1.0235439950609495,0.8152253915465869,0.8166666666666667,0.11666666666666667,0.9833333333333334,6
500,0.85,0.4,M6,0.6,M6,1.0166004298233937,0.8112557257874551,0.1310077519379845,0.9364341085271318,0.9465116279069767,129
500,0.85,0.4,M6,0.6,M7,1.0178754697723686,0.8108473387999728,0.7458333333333333,0.8875,0.9166666666666666,24
500,0.85,0.4,M6,0.7,M0,1.0601416840608495,0.8451321441354888,0,0,0.5,1
500,0.85,0.4,M6,0.7,M2,1.0262703722998814,0.8189955347191945,0.13333333333333333,0.9809523809523809,0.3333333333333333,21
500,0.85,0.4,M6,0.7,M3,1.0253713671020206,0.8170691488671501,0.18695652173913044,0.30434782608695654,1,23
500,0.85,0.4,M6,0.7,M4,1.0170094445240465,0.8107299469901551,0.7333333333333333,1,0.43333333333333335,3
500,0.85,0.4,M6,0.7,M5,1.0281508424508754,0.818756718760816,0.8333333333333334,0.21666666666666667,0.9833333333333334,6
500,0.85,0.4,M6,0.7,M6,1.0165096674441734,0.8110713208630398,0.14765625000000002,0.9375,0.95625,128
500,0.85,0.4,M6,0.7,M7,1.0183149704589183,0.8116954653068374,0.7888888888888889,0.9055555555555556,0.9055555555555556,18
500,0.85,0.4,M6,0.8,M0,1.0553023993956065,0.8393520304360407,0.3,0.35,0.4,2
500,0.85,0.4,M6,0.8,M1,1.0491881000030934,0.8345252513629301,0.8,0.7,0.7,1
500,0.85,0.4,M6,0.8,M2,1.0230502569403839,0.8162511953000796,0.18529411764705883,0.9911764705882353,0.4676470588235294,34
500,0.85,0.4,M6,0.8,M3,1.0249514637429817,0.8165643719188462,0.2342857142857143,0.41714285714285715,0.9942857142857143,35
500,0.85,0.4,M6,0.8,M4,1.0098099622969068,0.8042772705175408,0.8500000000000001,0.95,0.6,2
500,0.85,0.4,M6,0.8,M5,1.0280200984301961,0.8189063819343434,0.88,0.28,0.96,5
500,0.85,0.4,M6,0.8,M6,1.016935812334808,0.8115532259688594,0.1692982456140351,0.9535087719298245,0.9771929824561404,114
500,0.85,0.4,M6,0.8,M7,1.0199507521510673,0.8128698423039609,0.8714285714285714,0.9285714285714286,0.9714285714285714,7
500,0.85,0.4,M7,0.6,M3,1.020712914951341,0.8123299585207591,0.1,0.5,1,1
500,0.85,0.4,M7,0.6,M4,1.0311079279496043,0.8216722518477096,0.9454545454545454,0.990909090909091,0.3,11
500,0.85,0.4,M7,0.6,M5,1.0253474490055894,0.8179395435751671,0.9535714285714286,0.25,0.975,28
500,0.85,0.4,M7,0.6,M6,1.0225781095817494,0.8160113112942987,0.20869565217391306,0.9434782608695652,0.9695652173913043,23
500,0.85,0.4,M7,0.6,M7,1.020835188673345,0.814833894594996,0.9029197080291971,0.9204379562043795,0.9401459854014599,137
500,0.85,0.4,M7,0.7,M2,1.0363587850469564,0.8286402350354571,0.6,0.95,0.3,2
500,0.85,0.4,M7,0.7,M3,1.0317181775412585,0.8203122687765787,0.35,0.55,1,2
500,0.85,0.4,M7,0.7,M4,1.0300388781109902,0.820486748763199,0.98,0.99,0.33,10
500,0.85,0.4,M7,0.7,M5,1.0251326428432943,0.8180194921464128,0.96,0.355,0.975,40
500,0.85,0.4,M7,0.7,M6,1.023648676732388,0.8165642532502201,0.3352941176470588,0.9529411764705882,0.9558823529411765,34
500,0.85,0.4,M7,0.7,M7,1.0210646400341195,0.8151373627234704,0.9303571428571429,0.9526785714285715,0.9401785714285714,112
500,0.85,0.4,M7,0.8,M2,1.0356080573028874,0.8285186904070401,0.4666666666666667,0.9666666666666667,0.4333333333333333,3
500,0.85,0.4,M7,0.8,M3,1.0296366018459224,0.820927145816712,0.5285714285714286,0.6,0.9857142857142858,7
500,0.85,0.4,M7,0.8,M4,1.029935064238483,0.8207732321544751,0.9764705882352941,0.9941176470588236,0.4823529411764706,17
500,0.85,0.4,M7,0.8,M5,1.0267671147873483,0.8190527779371527,0.9704545454545455,0.39545454545454545,0.9772727272727273,44
500,0.85,0.4,M7,0.8,M6,1.0243074041790634,0.8171161974480415,0.415,0.98,0.96,40
500,0.85,0.4,M7,0.8,M7,1.020559273514609,0.814972684529273,0.9516853932584269,0.9617977528089888,0.953932584269663,89
1000,0.7,0,M0,0.6,M0,1.0178603116940326,0.8121124581930526,0.13448275862068965,0.1603448275862069,0.15344827586206897,58
1000,0.7,0,M0,0.6,M1,1.018338347952873,0.8127195701842957,0.8307692307692308,0.18076923076923077,0.16538461538461538,26
1000,0.7,0,M0,0.6,M2,1.0176210700153345,0.81194216242166,0.16111111111111112,0.8111111111111111,0.19166666666666668,36
1000,0.7,0,M0,0.6,M3,1.0163277654868648,0.8111007873694674,0.17777777777777778,0.17777777777777778,0.8844444444444445,45
1000,0.7,0,M0,0.6,M4,1.0306986311275954,0.8228807101081298,0.7999999999999999,0.9,0.24000000000000002,5
1000,0.7,0,M0,0.6,M5,1.0204594348526244,0.8164021487123139,0.85,0.2,0.8625,8
1000,0.7,0,M0,0.6,M6,1.013657288702564,0.808378563862066,0.20500000000000002,0.81,0.795,20
1000,0.7,0,M0,0.6,M7,1.0373975409630232,0.8296546252761954,0.75,0.85,0.8500000000000001,2
1000,0.7,0,M0,0.7,M0,1.017900614045604,0.8121705501830503,0.16842105263157894,0.22763157894736843,0.1881578947368421,76
1000,0.7,0,M0,0.7,M1,1.0187546213739413,0.8130640408675882,0.8652173913043478,0.16086956521739132,0.2,23
1000,0.7,0,M0,0.7,M2,1.0175867649940622,0.8121618918526721,0.178125,0.890625,0.228125,32
1000,0.7,0,M0,0.7,M3,1.0156143712340542,0.8104919075346627,0.19090909090909092,0.19090909090909092,0.9045454545454545,44
1000,0.7,0,M0,0.7,M4,1.0304162829787775,0.8228656283958125,0.85,0.9,0.275,4
1000,0.7,0,M0,0.7,M5,1.0208749617249593,0.8167878084550039,0.9166666666666666,0.23333333333333334,0.8833333333333333,6
1000,0.7,0,M0,0.7,M6,1.0149845163729667,0.8089727204509336,0.18461538461538463,0.8153846153846154,0.8846153846153846,13
1000,0.7,0,M0,0.7,M7,1.0373975409630232,0.8296546252761954,0.75,0.85,0.8500000000000001,2
1000,0.7,0,M0,0.8,M0,1.018143682219161,0.812467986372645,0.20526315789473684,0.26,0.24947368421052632,95
1000,0.7,0,M0,0.8,M1,1.0175554529455817,0.8123301911023407,0.9263157894736842,0.18421052631578946,0.1842105263157895,19
1000,0.7,0,M0,0.8,M2,1.0185001259247861,0.8127760211405354,0.21,0.9233333333333333,0.22333333333333333,30
1000,0.7,0,M0,0.8,M3,1.0159900327058138,0.8107582115416528,0.20238095238095238,0.22380952380952382,0.9380952380952381,42
1000,0.7,0,M0,0.8,M4,1.0318224569675094,0.8214228764605374,1,1,0.4,1
1000,0.7,0,M0,0.8,M5,1.0207778612632281,0.815243624413321,0.9400000000000001,0.32,0.9400000000000001,5
1000,0.7,0,M0,0.8,M6,1.018295293576411,0.8124775613775069,0.25,0.9125,0.9,8
1000,0.7,0,M6,0.6,M2,1.0305105874151421,0.8246193688370062,0.18333333333333335,1,0.2833333333333333,6
1000,0.7,0,M6,0.6,M3,1.0164343794358035,0.8118586558936419,0,0.2,1,1
1000,0.7,0,M6,0.6,M5,1.0227174135670758,0.8174377772229983,0.8666666666666667,0.16666666666666669,1,3
1000,0.7,0,M6,0.6,M6,1.0254062479537813,0.8179630451214431,0.16440677966101697,0.9898305084745763,0.9906779661016949,118
1000,0.7,0,M6,0.6,M7,1.0249469262686421,0.8179477165416968,0.8111111111111111,0.975,0.975,72
1000,0.7,0,M6,0.7,M2,1.0305105874151421,0.8246193688370062,0.18333333333333335,1,0.2833333333333333,6
1000,0.7,0,M6,0.7,M3,1.0164343794358035,0.8118586558936419,0,0.2,1,1
1000,0.7,0,M6,0.7,M4,1.0289884613443414,0.8210833163288341,1,1,0.6,1
1000,0.7,0,M6,0.7,M5,1.0284256595709673,0.8214210563734418,0.9,0.275,0.975,4
1000,0.7,0,M6,0.7,M6,1.0248152257012877,0.8175856653934739,0.2106060606060606,0.990909090909091,0.990909090909091,132
1000,0.7,0,M6,0.7,M7,1.0260657928090537,0.8186959708635818,0.8571428571428572,0.975,0.9785714285714285,56
1000,0.7,0,M6,0.8,M2,1.0305105874151421,0.8246193688370062,0.18333333333333335,1,0.2833333333333333,6
1000,0.7,0,M6,0.8,M3,1.018119276499621,0.8140668055792246,0.35,0.2,1,2
1000,0.7,0,M6,0.8,M4,1.0338040996048183,0.8263295078622185,0.875,1,0.6749999999999999,4
1000,0.7,0,M6,0.8,M5,1.0340986226398365,0.8241036892658054,0.975,0.39999999999999997,0.975,4
1000,0.7,0,M6,0.8,M6,1.0250348252895114,0.8177509488577582,0.24825174825174826,0.9902097902097902,0.9916083916083916,143
1000,0.7,0,M6,0.8,M7,1.0251939655776083,0.8180815290732422,0.8975609756097561,0.9780487804878049,0.9926829268292683,41
1000,0.7,0,M7,0.6,M4,1.03561349567129,0.8290809519039585,1,1,0.4,1
1000,0.7,0,M7,0.6,M5,1.0339718457854317,0.8246904782444737,1,0.5,1,2
1000,0.7,0,M7,0.6,M6,1.0297193458727285,0.8225025259964414,0.16666666666666666,0.9833333333333334,1,6
1000,0.7,0,M7,0.6,M7,1.026310551372814,0.8191015124458938,0.9649214659685864,0.9858638743455498,0.9806282722513089,191
1000,0.7,0,M7,0.7,M4,1.03561349567129,0.8290809519039585,1,1,0.4,1
1000,0.7,0,M7,0.7,M5,1.0380829088389125,0.8289527579069367,1,0.55,1,4
1000,0.7,0,M7,0.7,M6,1.0306458934634877,0.8237993469507202,0.3833333333333333,0.9916666666666667,1,12
1000,0.7,0,M7,0.7,M7,1.0261920375466753,0.8189344923210417,0.9765027322404372,0.9896174863387979,0.9797814207650273,183
1000,0.7,0,M7,0.8,M2,1.0450729726618635,0.8325124225130188,0.7,1,0.7,1
1000,0.7,0,M7,0.8,M4,1.0262740563868062,0.8198967391120559,1,0.96,0.64,5
1000,0.7,0,M7,0.8,M5,1.0367237797166164,0.8276693774732929,1,0.6,1,6
1000,0.7,0,M7,0.8,M6,1.030678332988437,0.8241012833330204,0.42857142857142855,0.9928571428571429,1,14
1000,0.7,0,M7,0.8,M7,1.02634707614143,0.8190437472693315,0.9804597701149426,0.9936781609195402,0.9873563218390805,174
1000,0.7,0.4,M0,0.6,M0,1.016907114099081,0.8118647864218965,0.1711111111111111,0.21555555555555556,0.26,45
1000,0.7,0.4,M0,0.6,M1,1.0222674388229018,0.8154406981495675,0.8041666666666667,0.225,0.2,24
1000,0.7,0.4,M0,0.6,M2,1.0157922149814391,0.8103533228145651,0.11666666666666667,0.8571428571428571,0.15952380952380954,42
1000,0.7,0.4,M0,0.6,M3,1.0182693448355118,0.8123568506471427,0.12916666666666668,0.15,0.8354166666666667,48
1000,0.7,0.4,M0,0.6,M4,1.0160304983764323,0.8090839950088805,0.7857142857142857,0.8142857142857143,0.15714285714285714,7
1000,0.7,0.4,M0,0.6,M5,1.0166237653381074,0.8099132525385376,0.7615384615384615,0.13076923076923078,0.8076923076923077,13
1000,0.7,0.4,M0,0.6,M6,1.0173117622361558,0.8120342742182417,0.1,0.8066666666666666,0.7666666666666667,15
1000,0.7,0.4,M0,0.6,M7,1.0225455617459496,0.815791008103965,0.6833333333333333,0.7833333333333333,0.8666666666666667,6
1000,0.7,0.4,M0,0.7,M0,1.0181664105188253,0.8124862537295079,0.21044776119402986,0.2671641791044776,0.3164179104477612,67
1000,0.7,0.4,M0,0.7,M1,1.0224367208705252,0.8156719436557858,0.865,0.21,0.19,20
1000,0.7,0.4,M0,0.7,M2,1.015493862294539,0.8103437444773367,0.13333333333333333,0.8952380952380953,0.2,42
1000,0.7,0.4,M0,0.7,M3,1.0178922071386616,0.8122357405893237,0.1325581395348837,0.1558139534883721,0.8744186046511628,43
1000,0.7,0.4,M0,0.7,M4,1.016000373766575,0.8085257458094444,0.78,0.86,0.1,5
1000,0.7,0.4,M0,0.7,M5,1.016743832746094,0.8106873116911032,0.8,0.16363636363636364,0.8727272727272727,11
1000,0.7,0.4,M0,0.7,M6,1.0161727164232566,0.8102265638591782,0.16666666666666666,0.8666666666666667,0.8666666666666667,9
1000,0.7,0.4,M0,0.7,M7,1.0256451658987655,0.8167914006599097,0.7333333333333333,0.7333333333333333,0.9,3
1000,0.7,0.4,M0,0.8,M0,1.0181597122867023,0.8123084734804026,0.22560975609756098,0.28536585365853656,0.3475609756097561,82
1000,0.7,0.4,M0,0.8,M1,1.0236835712054488,0.8166831216516413,0.875,0.21,0.225,20
1000,0.7,0.4,M0,0.8,M2,1.0154945306731167,0.8104313789365462,0.1475,0.9125,0.1975,40
1000,0.7,0.4,M0,0.8,M3,1.0178871581494526,0.8123041099342163,0.19285714285714287,0.18571428571428572,0.9119047619047619,42
1000,0.7,0.4,M0,0.8,M4,1.0070241840403604,0.7984900234022785,0.9,0.95,0,2
1000,0.7,0.4,M0,0.8,M5,1.0186789193369539,0.8114888404813629,0.8666666666666667,0.25,0.9166666666666667,6
1000,0.7,0.4,M0,0.8,M6,1.0159084018279474,0.8103563360830222,0.2625,0.9,0.8625,8
1000,0.7,0.4,M6,0.6,M2,1.0377124307945087,0.8312786632921333,0.1,1,0.3,3
1000,0.7,0.4,M6,0.6,M3,1.0388788307648475,0.8270907850726462,0.025,0.25,1,4
1000,0.7,0.4,M6,0.6,M4,1.0307049963207238,0.8252678978804426,0.7333333333333333,1,0.26666666666666666,3
1000,0.7,0.4,M6,0.6,M5,1.0320887126559248,0.825292066583539,0.8333333333333334,0.26666666666666666,1,3
1000,0.7,0.4,M6,0.6,M6,1.0239902753475445,0.817029005341339,0.14825174825174825,0.9867132867132867,0.9874125874125874,143
1000,0.7,0.4,M6,0.6,M7,1.0248130334868721,0.8175592645719397,0.8181818181818182,0.9772727272727273,0.9818181818181818,44
1000,0.7,0.4,M6,0.7,M2,1.0354006223225027,0.8282250534785945,0.3,1,0.37142857142857144,7
1000,0.7,0.4,M6,0.7,M3,1.0408872210789453,0.829327612369846,0.13999999999999999,0.28,1,5
1000,0.7,0.4,M6,0.7,M4,1.0240150398923817,0.8187568656737519,1,1,0.3,1
1000,0.7,0.4,M6,0.7,M5,1.0279882508500835,0.8209947971226375,0.9333333333333333,0.3333333333333333,1,3
1000,0.7,0.4,M6,0.7,M6,1.0238906517767494,0.8169179621460978,0.16756756756756758,0.9864864864864865,0.9905405405405405,148
1000,0.7,0.4,M6,0.7,M7,1.0251730014506955,0.8180416829074024,0.8583333333333334,0.9861111111111112,0.9888888888888889,36
1000,0.7,0.4,M6,0.8,M2,1.0354006223225027,0.8282250534785945,0.3,1,0.37142857142857144,7
1000,0.7,0.4,M6,0.8,M3,1.0365100546962485,0.8257724241904697,0.18333333333333335,0.35,1,6
1000,0.7,0.4,M6,0.8,M4,1.0240150398923817,0.8187568656737519,1,1,0.3,1
1000,0.7,0.4,M6,0.8,M5,1.0279882508500835,0.8209947971226375,0.9333333333333333,0.3333333333333333,1,3
1000,0.7,0.4,M6,0.8,M6,1.0239855951347339,0.8169618136599676,0.18355263157894736,0.9888157894736842,0.9907894736842106,152
1000,0.7,0.4,M6,0.8,M7,1.0252891516296814,0.8183641469751749,0.8838709677419355,0.9838709677419355,0.9870967741935484,31
1000,0.7,0.4,M7,0.6,M4,1.029904270251409,0.8222101912438763,1,1,0.33333333333333337,3
1000,0.7,0.4,M7,0.6,M5,1.0386805334124998,0.8263971173710409,0.95,0.2,1,2
1000,0.7,0.4,M7,0.6,M6,1.0321518814408899,0.8229885276674778,0.3,1,1,9
1000,0.7,0.4,M7,0.6,M7,1.0274279212658568,0.8201035600763652,0.9661290322580646,0.9806451612903225,0.989247311827957,186
1000,0.7,0.4,M7,0.7,M4,1.029904270251409,0.8222101912438763,1,1,0.33333333333333337,3
1000,0.7,0.4,M7,0.7,M5,1.035586315008706,0.8236357415799647,0.9666666666666667,0.3333333333333333,1,3
1000,0.7,0.4,M7,0.7,M6,1.0332977839509425,0.8240676574664866,0.42,0.9866666666666667,0.9933333333333333,15
1000,0.7,0.4,M7,0.7,M7,1.0273510534790278,0.820078531363048,0.9782122905027933,0.9832402234636871,0.9893854748603352,179
1000,0.7,0.4,M7,0.8,M4,1.0332326017699427,0.8253640485482763,0.9666666666666667,0.9666666666666667,0.5166666666666666,6
1000,0.7,0.4,M7,0.8,M5,1.037479925278686,0.8261185607448738,0.9714285714285714,0.5428571428571428,1,7
1000,0.7,0.4,M7,0.8,M6,1.0340177171413742,0.8249500635535403,0.49,0.99,0.99,20
1000,0.7,0.4,M7,0.8,M7,1.0270456981765153,0.8198362998715956,0.9874251497005988,0.9904191616766467,0.9946107784431137,167
1000,0.85,0,M0,0.6,M0,1.0117827583471986,0.8078822827734026,0.14526315789473684,0.13894736842105262,0.14842105263157895,95
1000,0.85,0,M0,0.6,M1,1.0131633960842152,0.809311239192527,0.7869565217391304,0.16521739130434784,0.10869565217391304,23
1000,0.85,0,M0,0.6,M2,1.011927740724233,0.8071400729548207,0.12333333333333334,0.7466666666666667,0.08666666666666667,30
1000,0.85,0,M0,0.6,M3,1.0135655601559312,0.8092285828070701,0.14838709677419357,0.12258064516129033,0.8096774193548387,31
1000,0.85,0,M0,0.6,M4,1.0188215512974033,0.8121706382208835,0.6166666666666667,0.7333333333333334,0.1,6
1000,0.85,0,M0,0.6,M5,1.0118554199530163,0.8076769055401647,0.74,0.14,0.78,5
1000,0.85,0,M0,0.6,M6,1.017408624010476,0.8121372534778498,0.1375,0.7375,0.7375,8
1000,0.85,0,M0,0.6,M7,1.013912280690761,0.8061892890065445,0.7,0.95,0.8,2
1000,0.85,0,M0,0.7,M0,1.0121971249977952,0.8082373107151187,0.1788135593220339,0.19576271186440677,0.15254237288135594,118
1000,0.85,0,M0,0.7,M1,1.0119334437707987,0.8081900262296383,0.85,0.13333333333333333,0.15555555555555556,18
1000,0.85,0,M0,0.7,M2,1.0138674778284298,0.8085356768099489,0.16666666666666666,0.8291666666666667,0.12916666666666668,24
1000,0.85,0,M0,0.7,M3,1.0129959134238058,0.8086522787167693,0.15937500000000002,0.175,0.81875,32
1000,0.85,0,M0,0.7,M4,1.020139013809514,0.811092634425929,0.7,0.8,0.1,1
1000,0.85,0,M0,0.7,M5,1.01446810963547,0.8093243104168626,0.7666666666666667,0.2,0.9,3
1000,0.85,0,M0,0.7,M6,1.0126985591249027,0.8073221054579319,0.26666666666666666,0.9,0.8666666666666667,3
1000,0.85,0,M0,0.7,M7,1.022608513152928,0.8134973209198085,0.8,1,0.8,1
1000,0.85,0,M0,0.8,M0,1.0115838010877087,0.8076920763035627,0.1944055944055944,0.22097902097902097,0.1958041958041958,143
1000,0.85,0,M0,0.8,M1,1.0143640763271082,0.8104356364963444,0.9076923076923077,0.13846153846153847,0.17692307692307693,13
1000,0.85,0,M0,0.8,M2,1.015331513130372,0.8092700124023221,0.2529411764705882,0.8882352941176471,0.12352941176470589,17
1000,0.85,0,M0,0.8,M3,1.0139269322633175,0.8092044581192368,0.14285714285714285,0.18095238095238095,0.8809523809523809,21
1000,0.85,0,M0,0.8,M5,1.026211615986489,0.818953367932185,0.8,0.05,1,2
1000,0.85,0,M0,0.8,M6,1.0126985591249027,0.8073221054579319,0.26666666666666666,0.9,0.8666666666666667,3
1000,0.85,0,M0,0.8,M7,1.022608513152928,0.8134973209198085,0.8,1,0.8,1
1000,0.85,0,M6,0.6,M2,1.0207618641749683,0.8131979809812966,0.1,1,0.4,2
1000,0.85,0,M6,0.6,M4,1.0352963400988238,0.8285951405661078,0.9,1,0,1
1000,0.85,0,M6,0.6,M5,1.049753327503458,0.8398845983025118,0.8,0.5,1,1
1000,0.85,0,M6,0.6,M6,1.015724794150099,0.8102473924674842,0.13048780487804879,0.9932926829268293,0.9926829268292683,164
1000,0.85,0,M6,0.6,M7,1.0174875380273225,0.8117451980547039,0.815625,0.96875,0.984375,32
1000,0.85,0,M6,0.7,M2,1.0205476123247836,0.8124418317354636,0.1,1,0.4666666666666667,3
1000,0.85,0,M6,0.7,M4,1.0352963400988238,0.8285951405661078,0.9,1,0,1
1000,0.85,0,M6,0.7,M5,1.049753327503458,0.8398845983025118,0.8,0.5,1,1
1000,0.85,0,M6,0.7,M6,1.0158240395591442,0.8103178404453558,0.14464285714285716,0.993452380952381,0.9952380952380953,168
1000,0.85,0,M6,0.7,M7,1.0172945450078794,0.8118226421168416,0.8555555555555555,0.9629629629629629,0.9814814814814815,27
1000,0.85,0,M6,0.8,M2,1.0204644986672464,0.813164991855473,0.1,1,0.525,4
1000,0.85,0,M6,0.8,M3,1.0213567371825976,0.8146940453817688,0.35,0.7,1,2
1000,0.85,0,M6,0.8,M4,1.0352963400988238,0.8285951405661078,0.9,1,0,1
1000,0.85,0,M6,0.8,M5,1.0236621507049735,0.8178960870153652,0.8333333333333334,0.6333333333333333,1,3
1000,0.85,0,M6,0.8,M6,1.0159607853223145,0.8104716014969163,0.1588235294117647,0.9964705882352941,0.9970588235294118,170
1000,0.85,0,M6,0.8,M7,1.0180197361502186,0.8120321949254862,0.895,0.985,0.975,20
1000,0.85,0,M7,0.6,M4,1.0264691446406478,0.8217892688013345,1,1,0.2,1
1000,0.85,0,M7,0.6,M6,1.0148197898376423,0.8132674829550153,0.34,1,1,5
1000,0.85,0,M7,0.6,M7,1.015774616971762,0.8101843329249055,0.9798969072164948,0.993298969072165,0.993298969072165,194
1000,0.85,0,M7,0.7,M4,1.0247360582284584,0.8188322945455809,1,1,0.4,2
1000,0.85,0,M7,0.7,M6,1.02034552251314,0.818002595714177,0.41428571428571426,1,1,7
1000,0.85,0,M7,0.7,M7,1.0156267150268046,0.8100221366312518,0.9837696335078534,0.993193717277487,0.9952879581151832,191
1000,0.85,0,M7,0.8,M4,1.0193440724706753,0.8113448575071613,1,1,0.5,3
1000,0.85,0,M7,0.8,M5,1.0189368644622379,0.8111832067357785,1,0.7,1,2
1000,0.85,0,M7,0.8,M6,1.02034552251314,0.818002595714177,0.41428571428571426,1,1,7
1000,0.85,0,M7,0.8,M7,1.0157641015418577,0.8101978657735378,0.9835106382978723,0.9962765957446809,0.9968085106382979,188
1000,0.85,0.4,M0,0.6,M0,1.0115231878345712,0.8077061237967446,0.13473684210526315,0.16526315789473683,0.1726315789473684,95
1000,0.85,0.4,M0,0.6,M1,1.012774499018497,0.8086420003481493,0.7777777777777778,0.1814814814814815,0.12592592592592594,27
1000,0.85,0.4,M0,0.6,M2,1.0114698691577655,0.8054873179972791,0.17142857142857143,0.8171428571428572,0.19428571428571428,35
1000,0.85,0.4,M0,0.6,M3,1.0134117885703264,0.8087713697445618,0.060000000000000005,0.15333333333333335,0.8,30
1000,0.85,0.4,M0,0.6,M4,1.0082944588785105,0.8025929748784858,0.8333333333333334,0.8,0.23333333333333334,3
1000,0.85,0.4,M0,0.6,M5,1.0138261922018423,0.8086787589394716,0.7571428571428571,0.1,0.9,7
1000,0.85,0.4,M0,0.6,M6,1.0206466456105723,0.8132280778057074,0.1,0.75,0.8,2
1000,0.85,0.4,M0,0.6,M7,1.0066407526914871,0.7998105004959332,0.9,0.7,0.9,1
1000,0.85,0.4,M0,0.7,M0,1.0119883878466698,0.8079157332738814,0.16363636363636364,0.17909090909090908,0.18181818181818182,110
1000,0.85,0.4,M0,0.7,M1,1.0127148318658157,0.808605385176761,0.8285714285714286,0.20476190476190476,0.1380952380952381,21
1000,0.85,0.4,M0,0.7,M2,1.0107512130162017,0.8049826355804282,0.17,0.8533333333333334,0.20333333333333334,30
1000,0.85,0.4,M0,0.7,M3,1.013153113212248,0.8085622366903327,0.08620689655172414,0.1793103448275862,0.8206896551724138,29
1000,0.85,0.4,M0,0.7,M4,1.0082944588785105,0.8025929748784858,0.8333333333333334,0.8,0.23333333333333334,3
1000,0.85,0.4,M0,0.7,M5,1.013788379775317,0.8079719855504193,0.8200000000000001,0.060000000000000005,0.96,5
1000,0.85,0.4,M0,0.7,M6,1.0221937618394605,0.8178463009238466,0,0.9,0.9,1
1000,0.85,0.4,M0,0.7,M7,1.0066407526914871,0.7998105004959332,0.9,0.7,0.9,1
1000,0.85,0.4,M0,0.8,M0,1.0117667833329427,0.8075165859558678,0.19022556390977444,0.20300751879699247,0.21729323308270676,133
1000,0.85,0.4,M0,0.8,M1,1.0122345012744647,0.8076769868586156,0.9,0.26,0.13333333333333333,15
1000,0.85,0.4,M0,0.8,M2,1.0119043177938554,0.8061600776695185,0.17200000000000001,0.892,0.228,25
1000,0.85,0.4,M0,0.8,M3,1.0128360569848247,0.808749180266326,0.11499999999999999,0.16,0.89,20
1000,0.85,0.4,M0,0.8,M4,1.0154718609485411,0.8091195467110393,0.8,0.8,0.1,1
1000,0.85,0.4,M0,0.8,M5,1.0128281887143453,0.8069695533558953,0.86,0.19999999999999998,0.9400000000000001,5
1000,0.85,0.4,M0,0.8,M6,1.0221937618394605,0.8178463009238466,0,0.9,0.9,1
1000,0.85,0.4,M6,0.6,M2,1.0224628108176077,0.813870846550428,0.06666666666666667,1,0.43333333333333335,3
1000,0.85,0.4,M6,0.6,M3,1.0205033039420606,0.8134324051774747,0.16666666666666666,0.26666666666666666,1,3
1000,0.85,0.4,M6,0.6,M6,1.014353146044228,0.8092001248250373,0.13782051282051283,0.9801282051282051,0.9884615384615385,156
1000,0.85,0.4,M6,0.6,M7,1.0146061465674823,0.8092100148776493,0.8,0.9868421052631579,0.9947368421052631,38
1000,0.85,0.4,M6,0.7,M2,1.0241588585427137,0.8149397462961077,0.1,1,0.475,4
1000,0.85,0.4,M6,0.7,M3,1.0177762315549765,0.8116311339479776,0.225,0.35,1,4
1000,0.85,0.4,M6,0.7,M6,1.0145035848311954,0.8093732819628857,0.16927710843373495,0.983132530120482,0.9915662650602409,166
1000,0.85,0.4,M6,0.7,M7,1.0134443773499888,0.8079465435229763,0.8923076923076924,0.9846153846153847,0.9923076923076923,26
1000,0.85,0.4,M6,0.8,M2,1.026219546620713,0.8170872870552688,0.16,1,0.52,5
1000,0.85,0.4,M6,0.8,M3,1.018455977148726,0.8128465867400091,0.1375,0.525,1,8
1000,0.85,0.4,M6,0.8,M5,0.9975510307211476,0.7972837930718621,0.9,0.7,1,1
1000,0.85,0.4,M6,0.8,M6,1.0143374468536255,0.8092309340019329,0.18363636363636363,0.9903030303030304,0.9933333333333333,165
1000,0.85,0.4,M6,0.8,M7,1.0151097343559214,0.8089593199317013,0.9285714285714286,0.9952380952380953,0.9904761904761905,21
1000,0.85,0.4,M7,0.6,M4,1.0214609968733348,0.8140775778902728,0.9,1,0.45,6
1000,0.85,0.4,M7,0.6,M5,1.0233893413065926,0.818170854141413,1,0.275,1,4
1000,0.85,0.4,M7,0.6,M6,1.0276037174591632,0.8169283622491565,0.3,1,1,2
1000,0.85,0.4,M7,0.6,M7,1.0172271720955208,0.8116177660460607,0.9686170212765958,0.9851063829787234,0.9882978723404255,188
1000,0.85,0.4,M7,0.7,M2,1.036201188022978,0.8330549566876481,0.6,1,0.5,1
1000,0.85,0.4,M7,0.7,M4,1.0201385669933098,0.8116378317610681,0.9666666666666667,1,0.4666666666666667,6
1000,0.85,0.4,M7,0.7,M5,1.0270984343378218,0.8204544770442906,1,0.34,1,5
1000,0.85,0.4,M7,0.7,M6,1.0233382220380591,0.813488237968684,0.48,1,1,5
1000,0.85,0.4,M7,0.7,M7,1.0171725491103738,0.8116416131852389,0.9743169398907103,0.9868852459016394,0.9901639344262295,183
1000,0.85,0.4,M7,0.8,M2,1.036201188022978,0.8330549566876481,0.6,1,0.5,1
1000,0.85,0.4,M7,0.8,M4,1.021162073663993,0.8126848336330923,0.9666666666666667,1,0.5444444444444444,9
1000,0.85,0.4,M7,0.8,M5,1.0254869969800449,0.8180097602076452,1,0.44285714285714284,1,7
1000,0.85,0.4,M7,0.8,M6,1.019636274790336,0.8119877457559163,0.5777777777777777,1,1,9
1000,0.85,0.4,M7,0.8,M7,1.017353395658184,0.8118351895724525,0.9804597701149426,0.9896551724137931,0.9948275862068966,174
